Canto,Person,Occurences
0,glory,3
0,rama,2
0,fame,1
1,sun,1
1,moon,2
1,glory,1
1,fortune,1
1,justice,2
1,virtue,1
1,rama,14
1,kaikeyi,1
1,rohini,1
1,bharadvaja,1
1,chitrakuta,1
1,ayodhya,1
1,indra,1
1,dushan,1
1,maricha,2
1,fate,1
1,jatayu,1
1,sita,2
1,kabandha,2
1,hanuman,1
1,sugriva,5
1,bali,4
1,ravan,2
1,aksha,1
1,ocean,1
1,nala,1
1,vibhishan,1
1,wind,1
1,honour,1
1,fire,2
1,nandigrama,1
1,sudras,1
2,fame,2
2,valmiki,3
2,bharadvaja,2
2,fate,1
2,rama,2
2,narad,1
3,dasaratha,1
3,sita,3
3,visvamitra,1
3,virtue,1
3,rama,8
3,kaikeyi,1
3,guha,1
3,bharadvaja,1
3,bharat,3
3,nandigrama,1
3,dandak,1
3,anasuya,1
3,indra,1
3,agastya,1
3,viradha,1
3,panchavata,1
3,surpanakha,1
3,ravan,2
3,maricha,1
3,vulture-king,1
3,kabandha,1
3,pampa,1
3,sugriva,3
3,bali,2
3,sampati,1
3,hanuman,4
3,mainaka,1
3,lanka,2
3,asoka,1
3,nala,1
3,vibhishan,2
3,kumbhakarna,1
3,meghanada,1
3,pushpak,1
3,brahma,1
3,honour,1
3,valmiki,1
4,kusa,1
4,valmiki,1
4,honour,1
4,rama,2
4,lakshman,1
5,kosal,1
5,right,1
5,nagas,1
5,virtue,1
6,indra,2
6,manu,1
6,honour,2
6,fame,1
6,ayodhya,1
6,glory,1
6,dasaratha,1
6,virtue,1
7,dhrishti,1
7,siddharth,1
7,arthasadhak,1
7,dharmapal,1
7,asok,1
7,right,1
7,justice,1
7,sun,2
7,fame,1
7,glory,1
8,vasishtha,1
8,sumantra,1
8,vibhandak,1
8,fire,1
8,lomapad,1
8,fame,1
8,rain,2
8,honour,1
8,rishyasring,1
8,dasaratha,2
9,lomapad,1
9,vibhandak,4
9,rishyasring,3
9,honour,2
9,sun,1
9,rain,3
9,fate,1
9,santa,1
10,santa,4
10,dasaratha,4
10,rishyasring,2
10,fate,1
10,vasishtha,1
10,lomapad,1
10,honour,2
10,ayodhya,1
11,sumantra,2
11,vasishtha,2
11,vamadeva,1
11,dasaratha,2
11,rishyasring,1
11,glory,1
12,sumantra,2
12,honour,3
12,lomapad,1
12,vasishtha,2
12,dasaratha,1
12,rishyasring,1
13,rishyasring,4
13,pravargya,1
13,sun,2
13,indra,1
13,vedas,1
13,glory,2
13,honour,1
13,kausalya,1
13,chatushtom,1
13,ukthya,1
13,aptoryam,1
13,abhijit,1
13,visvajit,1
13,jyotishtom,1
13,hotri,1
14,indra,3
14,dasaratha,1
14,honour,1
14,sun,2
14,wind,1
14,fire,1
14,glory,1
14,vishnu,2
14,ravan,3
14,brahma,1
14,madhu,1
15,vishnu,1
15,moon,1
15,kausalya,1
15,sumitra,1
15,kaikeyi,1
15,indra,1
16,vishnu,1
16,wind,1
16,tara,1
16,gandhamadan,1
16,nala,1
16,nila,1
16,dwivida,1
16,mainda,1
16,beauty,1
16,ocean,1
16,sun,1
17,honour,2
17,vasishtha,1
17,santa,2
17,rishyasring,2
17,sumitra,1
17,moon,1
17,fortune,1
17,justice,1
17,dasaratha,1
18,santa,1
18,virtue,1
19,moon,3
19,aditi,2
19,kausalya,2
19,glory,1
19,ravan,1
19,kaikeyi,2
19,bharat,2
19,virtue,1
19,vishnu,1
19,sumitra,2
19,lakshman,4
19,sun,1
19,rama,2
19,satrughna,1
19,dasaratha,1
20,indra,1
20,vasishtha,1
20,honour,2
20,rain,1
20,right,1
20,fame,1
20,virtue,1
21,vasishtha,2
21,fame,2
21,fate,1
21,rama,5
21,virtue,1
22,visvamitra,2
22,rama,1
22,visravas,1
22,maricha,2
22,suvahu,2
22,ravan,1
22,sunda,1
22,fate,1
23,right,1
23,rama,3
23,jaya,1
23,sanharas,1
24,vasishtha,2
24,rama,5
24,lakshman,3
24,wind-god,1
24,raghu,1
24,indra,1
24,glory,3
25,rama,2
25,fate,1
25,visvamitra,1
25,kandarpa,1
25,sthanu,1
25,anga,1
25,lakshman,1
26,rama,2
26,lakshman,1
26,sarju,1
26,fame,2
26,brahma,1
26,ganga,1
26,malaja,1
26,indra,3
26,fortune,1
26,maricha,1
26,right,1
27,rama,1
27,visvamitra,1
27,suketu,1
27,tadaka,2
27,sunda,1
27,maricha,1
27,agastya,1
28,tadaka,3
28,raghu,2
28,rama,5
28,rain,2
28,lakshman,1
28,indra,1
28,krisasva,1
28,honour,1
28,dasaratha,1
29,fate,1
29,fire,1
29,varun,1
29,vishnu,1
29,sun,1
29,rama,2
30,rama,1
31,vishnu,3
31,bali,2
31,indra,2
31,rama,1
31,honour,1
31,visvamitra,1
32,rama,5
32,glory,1
32,rain,1
32,maricha,1
32,lakshman,1
32,suvahu,1
32,honour,1
32,indra,1
32,visvamitra,1
32,raghu,1
33,visvamitra,1
33,rama,3
33,mithila,2
33,virtue,1
33,sun,1
33,lakshman,1
34,kusa,1
34,honour,4
34,virtue,1
34,amurtarajas,1
34,girivraja,1
34,beauty,2
34,rain,1
34,wind,2
34,wind-god,2
34,fate,1
34,fame,1
34,chuli,1
34,urmila,1
34,kampili,1
34,indra,2
34,kusanabha,3
35,kusanabha,1
35,gadhi,3
35,richika,1
35,moon,1
35,glory,1
35,virtue,1
35,rama,1
36,rama,3
36,sona,1
36,sun,1
36,fire,1
36,visvamitra,1
36,virtue,1
36,ganga,4
36,beauty,1
36,himalaya,1
36,uma,2
36,glory,1
37,ayodhya,1
37,sagar,1
37,bhrigu,1
37,kesini,1
37,fame,1
38,ansuman,1
38,sagar,2
38,indra,1
39,fate,1
39,sagar,2
39,honour,1
39,mahapadma,1
39,fortune,1
39,fame,1
39,kapil,1
40,sagar,1
40,ansuman,2
40,honour,1
40,fortune,1
40,fate,1
40,ganga,1
41,sagar,1
41,ansuman,1
41,dilipa,3
41,ganga,2
41,bhagirath,2
41,virtue,1
41,siva,1
41,trident,1
42,air,2
42,bhagirath,5
42,nalini,1
42,sita,1
42,glory,1
42,ganga,7
42,jahnu,1
42,jahnavi,1
42,sagar,2
42,fame,1
42,virtue,1
42,brahma,1
43,rama,1
43,kasyap,1
43,trident,1
43,siva,1
43,asurs,2
43,madhu,1
43,ocean,2
43,titan,2
43,honour,1
43,suras,1
43,moon,1
43,glory,3
43,vishnu,1
43,fortune,1
43,indra,1
44,kasyap,3
44,indra,1
45,diti,1
45,bali,1
45,maruts,1
45,fame,1
45,alambusha,1
45,glory,1
45,visala,1
45,suchandra,1
45,somadatta,1
45,mithila,1
45,honour,1
45,fate,1
46,sun,1
46,moon,1
46,mithila,1
46,rama,1
46,ahalya,2
46,indra,3
46,beauty,1
46,gautam,2
46,air,1
46,honour,1
47,brahma,1
47,moon,1
47,rama,2
47,raghu,1
47,ahalya,1
47,honour,1
47,mithila,1
48,raghu,1
48,rama,2
48,visvamitra,2
48,satananda,1
48,honour,2
48,asvins,1
48,sun,1
48,moon,1
48,ahalya,1
48,virtue,1
49,satananda,2
49,honour,2
49,rama,2
49,renuka,1
49,fame,1
49,glory,1
50,right,1
50,visvamitra,2
50,vasishtha,2
50,fate,1
50,honour,2
50,rain,1
51,vasishtha,1
51,honour,1
51,visvamitra,1
51,glory,1
52,vasishtha,2
52,pahlavas,1
52,sakas,1
53,vasishtha,3
53,sun,2
53,barbars,1
53,sakas,1
53,haritas,1
53,ocean,1
53,nagas,1
53,mahadeva,1
53,glory,1
53,visvamitra,1
53,gadhi,1
54,visvamitra,1
54,fate,3
54,trident,1
54,rain,1
54,indra,1
54,fire,1
55,dridhanetra,1
55,air,1
55,visvamitra,1
55,vasishtha,2
55,trisanku,1
55,fame,1
56,trisanku,1
56,fate,4
57,glory,2
57,vedas,1
57,visvamitra,2
57,fate,1
57,mahodaya,1
58,trisanku,4
58,visvamitra,4
58,indra,1
58,glory,1
59,indra,1
59,glory,1
59,richika,1
60,sunahsepha,2
60,visvamitra,2
60,justice,1
60,madhushyand,1
60,virtue,1
60,agni,1
60,ambarisha,1
60,indra,2
60,upendra,1
60,thousand-eyed,1
61,brahma,2
61,kusik,1
61,visvamitra,1
61,air,1
61,rain,1
61,vishnu,1
62,kusik,1
62,thousand-eyed,2
62,indra,2
62,kandarpa,2
62,glory,1
63,ocean,1
63,wind,1
63,sun,2
63,fire,1
63,fate,3
63,brahma,1
63,vasishtha,1
63,satananda,1
63,rama,1
63,janak,1
64,janak,1
64,devarat,1
64,nimi,1
64,rudra,1
64,daksha,1
64,sita,1
64,mithila,2
65,janak,1
65,titan,1
65,rama,3
65,glory,1
65,sita,1
65,ayodhya,1
66,janak,1
66,visvamitra,2
66,rama,1
66,sita,1
66,vamadeva,1
66,honour,1
67,sumantra,1
67,vamadeva,1
67,janak,1
67,fate,1
67,indra,1
67,glory,1
67,rama,2
67,honour,1
67,lakshman,1
67,visvamitra,1
68,satananda,2
68,kusadhwaj,1
68,ikshumati,1
68,janak,3
68,vishnu,1
68,mithila,2
68,sudaman,1
68,ayodhya,1
68,vasishtha,1
68,visvamitra,1
68,brahma,1
68,marichi,1
68,kasyap,1
68,vivasvat,1
68,manu,1
68,fame,3
68,ikshvaku,2
68,kukshi,1
68,trisanku,1
68,dhruvasandhi,1
68,bharat,1
68,asit,2
68,talajanghas,1
68,himalaya,1
68,glory,1
68,fate,1
68,sagar,1
68,asamanj,1
68,ansuman,1
68,dilipa,1
68,bhagirath,1
68,purushadak,1
68,sudarsan,1
68,maru,1
68,ambarisha,1
68,nahush,2
68,nabhag,2
68,dasaratha,1
68,rama,1
68,right,1
69,janak,1
69,right,1
69,fame,2
69,glory,2
69,mahabir,1
69,haryasva,1
69,kirtiratha,1
69,maharoma,1
69,swarnaroma,1
69,kusadhwaj,1
69,sita,2
69,rama,1
69,urmila,1
69,moon,1
70,vasishtha,1
70,fame,1
70,bharat,2
70,satrughna,2
70,phalguni,1
70,dasaratha,1
70,ayodhya,1
70,mithila,1
70,janak,1
70,sun,1
71,right,1
71,ayodhya,1
71,honour,1
71,dasaratha,1
71,vasishtha,5
71,fortune,1
71,janak,2
71,satananda,1
71,rama,1
71,sita,2
71,lakshman,1
71,urmila,1
71,bharat,1
71,srutakirti,1
71,fire,1
71,rain,1
72,visvamitra,1
72,janak,1
72,vasishtha,2
72,air,1
72,dasaratha,1
72,sun,1
72,fire,1
72,tripura,1
72,fate,1
72,rama,2
73,fame,1
73,jamadagni,1
73,glory,2
73,dasaratha,1
73,thousand-eyed,1
73,rama,2
73,fate,1
73,tripura,1
73,vishnu,5
73,siva,2
73,devarat,1
73,richika,1
73,arjun,1
73,honour,1
74,dasaratha,1
74,air,1
74,rama,2
74,honour,1
74,madhu,1
75,rama,5
75,dasaratha,1
75,sumitra,1
75,kaikeyi,2
75,urmila,1
75,yudhajit,2
75,bharat,1
75,satrughna,1
75,lakshman,1
75,kausalya,1
75,vishnu,1
75,lakshmi,1
76,bharat,3
76,satrughna,2
76,honour,1
76,virtue,1
76,vrihaspati,1
76,vedas,1
76,fame,1
76,right,1
76,sun,1
76,rama,3
76,moon,1
76,glory,1
77,rama,7
77,indra,1
77,moon,1
77,glory,1
77,fate,1
77,rain,1
77,right,1
77,fame,1
77,lakshman,1
77,kasyap,1
78,fame,1
78,rama,6
78,vamadeva,1
78,chaitra,1
78,vasishtha,1
78,fire,1
78,sun,2
78,sumantra,3
78,aryan,1
78,honour,2
78,rain,1
78,dasaratha,1
78,meru,1
78,glory,1
78,virtue,1
79,moon,1
79,fate,1
79,rama,5
79,sumantra,1
79,mars,1
79,sita,4
79,bharat,2
79,virtue,1
79,sumitra,1
79,lakshman,1
79,kausalya,1
79,glory,1
79,ikshvaku,1
79,fortune,1
80,vasishtha,7
80,rama,4
80,honour,2
80,yayati,1
80,videhan,1
80,ayodhya,1
80,sun,1
80,vrihaspati,1
80,dasaratha,1
80,indra,1
80,moon,1
81,rama,5
81,fire,1
81,videhan,1
81,ayodhya,1
81,honour,1
81,moon,1
82,moon,1
82,manthara,1
82,ayodhya,1
82,rama,5
82,kaikeyi,3
82,dasaratha,2
82,bharat,1
82,fate,1
83,rama,10
83,bharat,6
83,fate,1
83,moon,1
83,pushya,1
83,kaikeyi,1
83,fortune,2
83,satrughna,1
83,lakshman,2
83,fame,1
83,kausalya,1
84,rama,5
84,bharat,5
84,kaikeyi,1
84,manthara,1
84,beauty,3
84,sambara,1
84,moon,1
84,fire,1
85,kaikeyi,2
85,rama,1
85,asoka,1
85,dasaratha,1
85,air,1
85,swarga,1
85,angas,1
85,vangas,1
85,magadh,1
85,sun,1
86,kaikeyi,1
86,rama,4
86,right,1
86,sun,1
86,moon,1
87,kaikeyi,2
87,rama,22
87,glory,2
87,bharat,5
87,honour,1
87,fame,1
87,alarka,1
87,kausalya,4
87,justice,1
87,moon,1
87,sumitra,1
87,videhan,1
87,sita,1
87,fate,1
87,indra,1
87,lakshman,1
88,kaikeyi,1
88,rama,3
88,sun,1
88,beauty,1
89,rama,7
89,justice,1
89,right,1
89,bali,1
89,kaikeyi,1
89,moon,3
89,vasishtha,3
89,ganga,1
89,sun,2
89,titan,1
89,brahma,1
89,indra,1
89,fortune,1
89,sumantra,3
90,cancer,1
90,sun,2
90,rama,3
90,honour,1
90,sumantra,4
90,siva,1
90,fire,1
90,beauty,1
90,moon,1
91,sumantra,4
91,rama,4
91,sita,2
91,moon,2
91,kaikeyi,1
91,fate,2
91,lakshman,2
91,fire,1
91,thousand-eyed,1
92,rama,2
92,glory,1
92,moon,1
93,rama,3
93,ocean,2
93,moon,1
93,kaikeyi,1
93,fortune,1
93,satrughna,1
93,virtue,1
93,right,1
93,bharat,2
93,dandak,3
93,honour,1
93,fate,1
94,bharat,5
94,honour,2
94,rama,5
94,virtue,1
94,glory,1
94,fortune,1
94,fame,1
94,lakshman,1
95,kausalya,1
95,lakshman,3
95,honour,1
95,rama,3
95,vishnu,1
95,fire,1
95,lakshmi,1
95,fame,1
95,dandak,2
95,moon,1
95,fate,1
96,kausalya,3
96,lakshman,4
96,rama,7
96,fame,1
96,ayodhya,1
96,right,3
96,kaikeyi,1
96,virtue,1
96,honour,2
96,fate,1
96,ocean,1
96,sagar,1
96,renuka,1
96,glory,2
97,rama,1
97,right,2
97,kaikeyi,1
97,fate,5
97,fortune,1
98,rama,1
98,lakshman,1
98,right,1
98,glory,1
98,fate,8
98,fire,1
98,kaikeyi,1
98,bharat,1
99,rama,4
99,fate,3
99,kausalya,1
99,honour,1
99,glory,1
100,virtue,1
100,indra,3
100,vrihaspati,1
100,moon,1
100,titan,1
100,fortune,1
100,dandak,1
100,rama,2
100,kausalya,1
100,fire,1
100,vinata,1
100,daitya,1
100,aditi,1
100,vishnu,1
100,glory,1
100,siva,1
101,kausalya,2
101,videhan,1
101,sita,1
101,vrihaspati,1
101,moon,2
101,beauty,1
101,kaikeyi,1
101,dandak,1
101,bharat,2
101,satrughna,1
102,videhan,1
102,fame,1
102,sita,2
103,sita,1
103,virtue,1
103,wind,1
103,honour,1
103,fortune,1
104,rama,1
104,fire,1
105,rama,2
105,savitri,1
105,wind,1
105,moon,1
105,glory,1
105,beauty,1
106,sita,2
106,lakshman,3
106,rama,5
106,kausalya,3
106,indra,1
106,videhan,1
106,varun,1
106,sun,1
107,lakshmi,1
107,raghu,1
107,suyajna,1
107,sita,2
107,rama,5
107,lakshman,2
107,brahma,1
107,agastya,1
107,taittiriya,1
107,kausalya,1
107,honour,1
107,trijat,1
108,sita,2
108,rama,6
108,sun,1
108,fire,1
108,kaikeyi,1
108,right,1
108,sumantra,1
109,sun,2
109,fire,1
109,sumantra,4
109,rama,4
109,dandak,1
109,lakshman,2
109,sita,2
109,brahma,1
109,kaikeyi,3
109,bharat,1
109,honour,1
110,bharat,1
110,rama,5
110,kekaya,1
110,sumantra,1
111,sumantra,1
111,rama,4
111,ayodhya,1
111,bharat,2
111,dasaratha,1
111,kaikeyi,2
111,fate,1
111,asamanj,2
111,glory,2
111,fame,1
111,indra,1
112,rama,5
112,kaikeyi,2
112,lakshman,2
112,sita,7
112,satrughna,1
113,sita,2
113,fame,1
113,kaikeyi,1
113,janak,1
113,rama,2
114,rama,2
114,kaikeyi,1
114,sumantra,1
114,fate,1
114,dasaratha,1
114,sita,3
114,glory,1
114,kausalya,2
114,moon,1
115,lakshman,2
115,rama,12
115,sita,3
115,sumitra,2
115,dasaratha,2
115,matali,1
115,kaikeyi,1
115,sumantra,1
115,wind,1
115,raghu,1
115,ayodhya,1
115,sun,1
115,moon,1
115,fate,1
116,fame,1
116,rama,3
116,fire,1
116,sun,2
116,jupiter,1
116,mercury,1
116,mars,1
116,glory,1
116,moon,2
116,ocean,1
116,ayodhya,2
116,wind,1
117,glory,2
117,rama,2
117,right,1
117,kausalya,3
117,justice,1
117,virtue,1
117,kaikeyi,1
117,bharat,1
117,sun,2
117,lakshman,1
117,ayodhya,1
117,dasaratha,1
118,kausalya,1
118,rama,3
118,moon,2
118,lakshman,3
118,sita,1
118,ayodhya,1
118,kaikeyi,1
119,kausalya,2
119,sumitra,2
119,lakshman,1
119,rama,2
119,fame,1
119,sun,1
119,suvahu,1
119,right,1
119,fortune,1
119,ayodhya,1
119,sita,1
119,lakshmi,1
119,glory,1
120,rama,3
120,ayodhya,1
120,moon,1
120,bharat,1
120,sita,1
120,lakshman,1
120,sun,1
120,wind,1
120,air,1
120,tamasa,1
120,sumantra,1
121,sita,2
121,lakshman,4
121,bharat,1
121,satrughna,1
121,sun,2
121,sumantra,6
121,rama,6
121,justice,1
121,tamasa,1
121,raghu,1
121,glory,1
122,rama,5
122,fire,1
122,fate,1
122,beauty,1
122,garud,1
123,rama,8
123,sita,2
123,kaikeyi,1
123,lakshman,1
123,bharat,1
124,right,1
124,virtue,1
124,rama,1
124,kosala,1
124,agastya,1
124,videhan,1
124,manu,1
124,ikshvaku,1
125,kosala,1
125,ayodhya,1
125,right,1
125,sun,1
125,fate,1
125,ganga,1
125,lakshman,4
125,rama,4
125,sita,2
125,sumantra,1
125,guha,3
125,honour,2
126,lakshman,2
126,sita,3
126,rama,3
126,kausalya,1
126,guha,1
127,rama,10
127,lakshman,7
127,guha,7
127,glory,2
127,sita,6
127,right,3
127,ayodhya,5
127,kaikeyi,1
127,bharat,2
127,sumantra,5
127,kausalya,1
127,ganga,2
127,videhan,1
127,fire,1
128,lakshman,3
128,rama,3
128,kaikeyi,2
128,bharat,2
128,right,1
128,ayodhya,1
128,sita,1
128,kausalya,1
128,fire,1
128,virtue,1
129,sun,2
129,glory,2
129,lakshman,1
129,rama,7
129,yamuna,1
129,ganga,1
129,janak,1
129,bharadvaja,4
129,videhan,2
129,prayag,1
129,sita,2
129,chitrakuta,1
130,bharadvaja,1
130,glory,1
130,rama,6
130,yamuna,1
130,ganga,2
130,sun,1
130,chitrakuta,1
130,sita,6
130,lakshman,3
130,videhan,1
130,kalindi,1
130,syama,1
130,kausalya,1
130,sumitra,1
131,lakshman,6
131,sita,3
131,rama,7
131,videhan,1
131,fire,1
131,chitrakuta,1
131,honour,1
131,wind,1
132,rama,6
132,sumantra,4
132,ayodhya,2
132,kaikeyi,1
132,kausalya,1
133,rama,5
133,sita,2
133,yayati,1
133,honour,1
133,bharat,1
133,justice,1
133,kaikeyi,1
133,right,1
134,prayag,1
134,lakshman,2
134,rama,8
134,guha,1
134,beauty,1
134,ayodhya,1
134,kaikeyi,2
134,raghu,1
134,sita,1
134,fire,1
134,glory,1
135,lakshman,1
135,dandak,1
135,rama,5
135,sita,1
135,ayodhya,1
135,kaikeyi,1
135,sumantra,1
135,beauty,1
135,moon,1
135,videhan,1
135,glory,2
135,fate,1
135,honour,1
136,rama,2
136,kausalya,1
136,videhan,1
136,bharat,1
136,soma,1
137,kausalya,2
137,right,1
137,ocean,1
137,sun,1
138,rama,3
138,fate,2
138,glory,1
138,kausalya,1
138,sun,1
138,fire,1
139,raghu,1
139,dasaratha,2
139,glory,1
139,dhundhumar,1
139,fate,1
139,indra,1
139,rama,1
139,right,1
139,kausalya,1
139,sumitra,1
140,glory,1
140,kausalya,4
140,sumitra,1
140,kaikeyi,1
141,fire,2
141,sun,2
141,kaikeyi,2
141,rama,5
142,katyayan,1
142,rama,1
142,bharat,1
142,kekaya,1
142,rain,1
142,fire,1
142,right,2
143,vasishtha,1
143,satrughna,1
143,bharat,2
143,rama,1
143,fate,1
143,malini,1
143,saradanda,1
143,abhikala,1
144,bharat,3
144,moon,1
144,lakshman,1
145,bharat,7
145,honour,2
145,dasaratha,1
145,sumitra,1
145,satrughna,3
145,fortune,1
145,rama,1
145,kekaya,1
145,asvapati,1
145,indrasira,1
145,right,1
146,ailadhana,1
146,salyakartan,1
146,ganga,1
146,bharunda,1
146,ansudhana,1
146,kutikoshtika,1
146,dharmavardhan,1
146,toran,1
146,jambuprastha,1
146,ujjihana,1
146,uttanika,1
146,ekasala,1
146,gomati,1
146,kalinga,1
146,sun,1
146,bharat,3
146,beauty,2
146,air,2
146,ayodhya,2
147,bharat,3
147,yudhajit,1
147,kaikeyi,3
147,fate,2
147,moon,1
147,virtue,3
147,rama,6
147,sita,3
147,lakshman,3
147,right,1
148,bharat,1
148,rama,1
148,fate,1
148,kausalya,2
148,sumitra,1
148,lakshman,1
148,fire,1
148,right,1
148,meru,1
148,virtue,1
148,honour,1
148,glory,1
149,right,2
149,rama,4
149,air,1
149,indra,1
149,sun,1
149,honour,1
149,ayodhya,1
149,dandak,1
150,dasaratha,1
150,satrughna,2
150,sita,1
150,kausalya,1
150,sumitra,3
150,bharat,2
150,rama,3
150,fire,1
150,raghu,1
150,sun,2
150,fame,1
150,virtue,1
151,fame,1
151,vasishtha,1
151,bharat,3
151,rama,3
151,lakshman,1
151,kausalya,1
152,honour,1
152,yayati,1
152,satrughna,2
152,kaikeyi,1
152,bharat,2
152,rama,1
152,fire,1
152,vasishtha,1
152,sumantra,1
153,satrughna,4
153,bharat,3
153,right,1
153,rama,1
153,kausalya,1
153,kaikeyi,3
154,rama,2
154,fire,1
154,bharat,1
154,fortune,1
155,moon,2
155,right,1
155,bharat,1
155,mandar,1
155,beauty,1
156,honour,1
156,bharat,4
156,air,1
156,satrughna,1
156,vedas,1
157,moon,2
157,glory,1
157,bharat,4
157,rama,6
157,vasishtha,1
157,virtue,2
157,justice,1
157,dilipa,1
157,dasaratha,1
157,lakshman,1
157,sumantra,1
158,bharat,6
158,kaikeyi,1
158,sumitra,1
158,rama,3
158,sun,1
159,guha,1
159,bharat,5
159,rama,2
159,nishadas,2
159,dandak,1
159,right,1
159,lakshman,1
160,guha,3
160,rama,2
160,bharat,2
160,glory,2
160,satrughna,1
160,fire,1
160,sun,1
160,himalaya,1
161,guha,1
161,bharat,2
161,lakshman,2
161,rama,2
161,glory,1
161,sita,3
161,fortune,1
161,satrughna,1
161,fate,1
161,ayodhya,1
162,guha,4
162,bharat,1
162,satrughna,1
162,rama,4
162,lakshman,6
162,kausalya,1
162,sita,1
163,bharat,2
163,rama,6
163,sita,3
163,fortune,1
163,fate,2
163,satrughna,1
163,ayodhya,1
164,raghu,1
164,satrughna,2
164,sun,1
164,sringavera,1
164,bharat,2
164,guha,3
164,kausalya,1
164,sumitra,1
165,vasishtha,5
165,bharat,3
165,bharadvaja,1
165,ayodhya,1
165,dasaratha,1
165,rama,1
165,kausalya,1
165,glory,1
165,fame,1
165,honour,1
166,bharat,5
166,bharadvaja,1
166,visvakarma,1
166,indra,2
166,haha,1
166,alambusha,1
166,beauty,1
166,ghritachi,1
166,visvachi,1
166,hema,1
166,bhima,1
166,nagadanta,1
166,tumburu,1
166,malaya,1
166,dardar,1
166,vasishtha,1
166,kuvera,1
166,gopa,1
166,gandharva,1
166,misrakesi,1
166,dandak,1
166,fate,1
166,rama,1
167,bharat,2
167,bharadvaja,2
167,raghu,1
167,sumitra,1
167,kaikeyi,1
167,aditi,1
167,vishnu,1
167,kausalya,2
167,fate,1
167,rama,1
167,moon,1
167,sun,1
168,bharat,5
168,chitrakuta,1
168,mandakini,1
168,rain,1
168,rama,1
168,lakshman,1
168,fire,1
168,dhrishti,1
169,raghu,1
169,videhan,1
169,sachi,1
169,mercury,1
169,wind,1
169,bharat,1
169,glory,1
169,fire,1
169,lakshman,1
169,fame,1
170,air,1
170,ayodhya,1
170,sarju,1
170,lakshman,1
170,chitrakuta,1
171,rama,14
171,sita,5
171,videhan,2
171,beauty,3
171,asoka,2
171,siva,1
171,uma,1
171,air,1
171,lakshman,1
172,rama,2
172,air,1
172,lakshman,4
172,sita,1
172,fire,1
172,bharat,5
173,rama,2
173,bharat,7
173,lakshman,2
173,sita,1
174,bharat,2
174,satrughna,1
174,guha,2
174,glory,2
174,sita,1
174,moon,1
174,nandan,1
174,rama,2
174,ocean,1
175,bharat,5
175,satrughna,4
175,vasishtha,1
175,sumantra,2
175,rama,3
175,bharadvaja,1
175,dasaratha,1
175,fire,1
175,lakshman,1
175,raghu,1
175,right,1
175,vrihaspati,1
175,sukra,1
176,rama,3
176,bharat,1
176,kaikeyi,1
176,mars,1
176,moon,1
176,honour,1
176,ayodhya,1
176,dasaratha,1
177,bharat,1
177,ayodhya,1
177,kekaya,1
177,lakshman,1
178,rama,8
178,bharat,3
178,indra,1
178,daitya,1
178,ayodhya,1
178,fate,1
178,sita,3
178,lakshman,1
178,sumantra,1
178,honour,1
179,vasishtha,2
179,kausalya,2
179,sumitra,1
179,fortune,1
179,sita,1
179,sun,1
179,moon,1
179,fire,1
179,indra,1
179,bharat,4
179,glory,1
179,mahendra,1
179,lakshman,1
180,bharat,3
180,rama,3
180,fate,2
180,yamuna,1
180,ocean,1
180,sun,1
180,virtue,1
181,right,1
181,fate,1
181,vasishtha,1
181,indra,1
181,bharat,2
182,kaikeyi,1
182,lakshman,2
182,sita,1
182,gaya,1
182,ayodhya,2
182,satrughna,1
182,dandak,2
182,right,1
183,rama,1
183,right,2
183,ayodhya,1
183,indra,1
184,javali,1
184,rama,2
184,right,4
184,virtue,3
184,justice,1
184,honour,3
184,fortune,1
184,fame,1
184,fire,1
184,wind,1
184,moon,1
184,indra,1
184,buddhist,1
185,vasishtha,1
185,javali,1
185,brahma,2
185,marichi,1
185,kasyap,1
185,vivasvat,1
185,fame,2
185,ikshvaku,1
185,kukshi,1
185,vikukshi,1
185,virtue,1
185,trisanku,1
185,yuvanasva,1
185,dhruvasandhi,1
185,bharat,1
185,talajanghas,1
185,sasivindhus,1
185,sagar,1
185,asamanj,2
185,ansuman,1
185,dilipa,1
185,bhagirath,1
185,raghu,1
185,purushadak,1
185,sankhan,1
185,sudarsan,2
185,maru,1
185,ambarisha,1
185,nahush,1
185,nabhag,1
185,aja,2
185,dasaratha,1
186,rama,4
186,honour,2
186,vasishtha,1
186,dasaratha,1
186,bharat,5
186,sumantra,1
186,right,1
186,kaikeyi,1
187,fate,1
187,ten-necked,1
187,fame,1
187,kaikeyi,1
187,rama,5
187,bharat,6
187,moon,1
187,beauty,1
187,ocean,1
187,sun,1
187,fire,1
187,satrughna,1
187,glory,1
188,bharat,5
188,satrughna,1
188,vamadeva,1
188,right,2
188,rama,2
188,virtue,1
188,vasishtha,1
188,ayodhya,5
188,yamuna,1
188,sringavera,1
188,glory,1
188,beauty,1
189,rahu,1
189,fire,1
190,rama,3
190,vasishtha,2
190,bharat,3
190,satrughna,1
190,right,1
190,fame,1
191,bharat,1
191,rama,2
191,lakshman,1
191,honour,1
191,videhan,1
191,khara,1
191,raghu,1
191,fame,1
192,bharat,2
192,lakshman,2
192,sita,3
192,anasuya,2
192,rama,3
192,ganga,1
192,videhan,1
192,glory,1
192,fate,1
192,virtue,2
192,fame,1
193,sita,4
193,kausalya,1
193,rama,5
193,fire,1
193,savitri,1
193,virtue,1
193,rohini,1
193,right,2
193,beauty,2
193,videha,2
193,ocean,1
193,varun,1
193,daksha,1
193,visvamitra,1
193,lakshman,2
193,honour,1
193,ayodhya,1
194,sita,4
194,sun,1
194,moon,1
195,dandak,1
195,sun,2
195,fire,1
195,sita,2
195,lakshman,2
195,beauty,1
195,honour,2
195,right,1
196,lakshman,2
196,sita,2
196,rama,1
196,viradha,2
196,janak,1
196,virtue,1
196,glory,1
196,kaikeyi,1
196,bharat,2
196,indra,1
197,viradha,5
197,satahrada,1
197,java,1
197,rama,3
197,wind,1
197,air,1
198,sita,1
198,rama,4
198,lakshman,3
198,raghu,2
198,fate,1
198,sun,2
198,viradha,1
198,moon,1
199,viradha,1
199,sarabhanga,3
199,rama,4
199,fire,3
199,sun,3
199,glory,2
199,indra,2
199,lakshman,1
199,fame,1
199,wind,1
199,right,1
199,videhan,1
199,raghu,1
199,honour,1
199,thunderer,1
199,brahma,1
200,rama,1
200,fame,2
200,moon,1
200,air,1
200,glory,1
200,virtue,2
200,right,1
200,mandakini,1
200,raghu,1
200,lakshman,1
201,sita,3
201,meru,1
201,rama,4
201,raghu,1
201,sarabhanga,1
201,beauty,1
201,fate,1
202,rama,1
202,honour,2
202,raghu,1
202,sun,1
202,dandak,1
202,air,1
202,sita,2
203,dandak,2
203,fame,1
203,suchi,1
203,honour,1
203,glory,1
203,ayodhya,1
203,virtue,5
204,sita,1
204,virtue,1
204,dandak,1
204,fire,1
204,lakshman,1
205,rama,9
205,lakshman,4
205,sita,2
205,sun,2
205,beauty,1
205,raghu,2
205,mandakarni,1
205,air,2
205,agni,1
205,honour,2
205,sutikshna,2
205,virtue,1
205,fire,2
205,agastya,4
205,vatapi,1
205,ilval,3
205,glory,1
205,fame,1
206,lakshman,4
206,fame,1
206,rama,9
206,sita,2
206,fortune,2
206,brahma,1
206,sun,1
206,justice,1
206,agastya,1
206,mahendra,1
206,vishnu,1
206,glory,1
207,sita,3
207,honour,1
207,fortune,1
207,glory,1
207,panchavati,3
207,agastya,1
208,raghu,1
208,rama,1
208,kardam,1
208,vikrit,1
208,sansray,1
208,sthanu,1
208,marichi,1
208,pulastya,1
208,pulah,1
208,vivasvat,1
208,arishtanemi,1
208,kasyap,3
208,glory,2
208,krodhavasa,1
208,danu,2
208,aditi,1
208,vasus,1
208,adityas,1
208,diti,1
208,fame,3
208,ocean,1
208,asvagriva,1
208,narak,1
208,kalak,1
208,honour,1
208,suki,3
208,dhritarashtri,2
208,kraunchi,1
208,bhasi,1
208,air,1
208,syeni,1
208,nala,1
208,vinata,2
208,mrigi,1
208,mrigamanda,2
208,hari,2
208,matangi,1
208,surasa,3
208,sarduli,1
208,surabhi,1
208,gandharvi,1
208,kadru,3
208,sudras,2
208,vaisyas,1
208,anala,1
208,arun,2
208,garud,1
208,sampati,1
208,lakshman,2
208,jatayus,1
209,rama,3
209,lakshman,4
209,panchavati,1
209,sita,2
209,glory,2
209,raghu,1
210,lakshman,2
210,fire,1
210,sun,3
210,moon,1
210,glory,3
210,sarju,2
210,fortune,1
210,bharat,3
210,rama,2
210,satrughna,1
210,raghu,1
210,rudra,1
211,sita,4
211,lakshman,2
211,rama,4
211,ten-necked,1
211,glory,1
211,virtue,1
211,surpanakha,2
211,dasaratha,1
211,videhan,1
211,ravan,1
211,fame,2
211,kumbhakarna,1
211,vibhishan,1
211,dushan,1
211,fate,1
212,rama,1
212,sita,2
212,lakshman,3
212,surpanakha,1
212,dandak,1
212,videhan,1
212,janasthan,1
212,khara,1
213,khara,2
213,air,1
213,surpanakha,2
213,virtue,1
213,rama,1
213,lakshman,1
213,wind,1
214,surpanakha,2
214,sita,2
214,lakshman,3
214,rama,2
214,dandak,1
214,khara,1
214,raghu,1
214,indra,1
215,rama,4
215,lakshman,1
216,rama,3
216,glory,1
216,khara,2
216,meru,1
216,dushan,1
216,janasthan,1
217,rain,1
217,sun,1
217,fire,1
217,mars,1
217,beauty,1
218,rama,5
218,rain,1
218,honour,1
218,lakshman,2
218,sita,1
218,virtue,2
218,khara,1
218,fire,1
218,siva,1
218,sun,1
219,khara,3
219,mars,1
219,rama,8
219,rain,1
219,siva,1
219,sun,2
219,air,2
219,dushan,2
220,dushan,3
220,rama,5
220,mahakapala,1
220,sthulaksha,1
220,pramathi,2
220,right,1
220,khara,2
220,fate,1
220,syenagami,1
220,indra,1
221,khara,4
221,rama,3
221,janasthan,1
221,trisiras,1
221,rain,1
222,trisiras,1
222,dushan,1
222,rama,5
222,sun,2
222,yama,1
222,khara,2
222,agastya,1
222,honour,1
223,rama,2
223,dandak,1
223,sun,1
223,fire,1
223,khara,1
224,beauty,1
224,dandak,1
224,janasthan,1
224,right,1
224,khara,1
224,rama,4
224,air,1
224,rudra,1
224,namuchi,1
224,rain,1
224,trisiras,1
224,dushan,1
224,agastya,1
224,lakshman,2
224,honour,1
224,sita,1
225,janasthan,6
225,khara,2
225,fate,2
225,glory,1
225,sun,1
225,akampan,5
225,ravan,2
225,rama,6
225,dushan,1
225,lakshman,1
225,moon,1
225,wind,2
225,sita,3
225,gandharvi,1
225,air,1
225,maricha,2
225,honour,1
226,surpanakha,2
226,trisiras,1
226,dushan,1
226,indra,1
226,fire,2
226,right,1
226,vasuki,1
226,kuvera,1
226,pushpak,1
226,ravan,1
227,fate,1
227,fire,1
227,rama,2
227,khara,1
227,janasthan,1
228,surpanakha,1
228,dandak,1
228,trisiras,1
228,dushan,3
228,khara,3
228,air,1
228,rama,4
228,fate,1
228,moon,1
228,beauty,2
228,sita,2
228,indra,1
228,janasthan,1
229,nagas,1
229,marichipas,2
229,vaikhanasas,1
229,mashas,1
229,gandharvas,1
229,air,1
229,ocean,1
229,ravan,3
229,garud,1
229,maricha,3
230,janasthan,2
230,dushan,1
230,khara,3
230,rama,3
230,trisiras,1
230,dandak,1
230,lakshman,1
230,rahu,1
230,maricha,2
231,maricha,1
231,varun,1
231,indra,2
231,rama,3
231,sita,1
231,dandak,1
231,glory,1
231,fire,1
231,ravan,1
232,dandak,2
232,rama,8
232,maricha,1
232,visvamitra,1
232,glory,1
232,moon,1
232,ocean,1
232,fire,1
233,rama,5
233,dandak,1
233,lakshman,1
233,wind,1
233,yama,1
233,namuchi,1
233,khara,1
233,janasthan,1
234,ravan,1
234,fate,1
234,maricha,1
234,rama,2
234,indra,2
234,honour,2
234,varun,1
234,lakshman,1
234,sita,1
234,dandak,1
235,maricha,1
235,fame,2
235,honour,1
235,rama,2
235,lanka,1
236,maricha,6
236,yama,1
236,dandak,1
236,ravan,1
236,glory,1
236,sita,1
236,asoka,1
236,rama,1
236,beauty,1
237,lakshman,4
237,gandharva,1
237,sita,3
237,beauty,5
237,moon,1
237,bharat,1
237,rama,1
237,nandan,1
237,fire,1
237,right,1
237,sukra,1
237,glory,1
237,maricha,2
237,agastya,2
237,vatapi,1
238,moon,1
238,maricha,3
238,sita,2
238,ravan,1
238,rama,1
238,lakshman,2
238,janasthan,1
239,sita,1
239,fate,1
239,lakshman,3
239,rama,7
239,janasthan,1
239,videhan,1
239,raghu,1
239,janak,1
240,lakshman,2
240,ravan,2
240,air,1
240,sun,1
240,moon,2
240,janasthan,1
240,wind,1
240,fame,1
240,rama,1
241,rama,10
241,honour,1
241,dandak,1
241,ravan,1
241,ocean,2
241,indra,1
241,glory,1
241,fate,1
241,moon,2
241,sun,2
242,gandharva,1
242,air,1
242,vaisravan,1
242,indra,2
242,wind,1
242,sun,1
242,lanka,1
242,rama,3
242,dasaratha,1
242,fate,1
242,fortune,1
243,air,3
243,ocean,1
243,sun,1
243,beauty,1
243,fame,1
243,rama,4
243,ravan,5
243,fire,1
243,fate,1
243,kaikeyi,1
243,sita,1
243,lakshman,1
244,sita,1
244,ten-necked,1
244,jatayus,1
244,honour,1
244,khara,2
244,rama,1
244,vritra,1
244,indra,1
244,fame,1
244,daitya,1
244,dasaratha,1
245,ravan,4
245,ten-necked,1
245,sita,1
245,moon,1
245,khara,1
245,fate,1
245,jatayus,1
245,rama,1
246,air,2
246,ravan,5
246,rama,3
246,lakshman,1
246,wind,2
246,sun,1
246,moon,2
246,rain,1
246,meru,1
246,glory,2
246,ganga,1
246,sita,1
246,justice,1
246,honour,1
246,right,1
247,air,1
247,fate,1
247,rama,1
248,air,2
248,ravan,3
248,ten-necked,1
248,maya,1
248,brahma,1
248,lanka,1
248,dushan,1
248,khara,1
248,rama,1
248,janasthan,1
249,ravan,2
249,glory,1
249,sun,1
249,mars,1
250,honour,1
250,dasaratha,1
250,janasthan,1
250,khara,1
250,rama,2
250,moon,1
250,sita,3
250,lanka,1
250,dandak,1
250,rain,1
250,fate,2
250,virtue,1
250,ravan,1
250,asoka,1
250,lakshman,1
251,fate,1
251,lanka,1
251,rama,2
251,brahma,1
251,indra,1
251,asoka,1
251,sita,1
251,videhan,1
251,sachi,1
251,janak,1
251,lakshman,3
252,lakshman,2
252,maricha,1
252,rama,2
252,janasthan,1
252,sita,1
252,janak,1
252,sun,1
253,rama,1
253,kaikeyi,1
253,sita,4
253,kausalya,1
253,lakshman,2
253,videhan,1
253,janasthan,1
254,rama,2
254,sita,2
254,indra,1
254,fire,1
254,raghu,1
255,rama,2
255,sita,3
255,glory,1
255,wind,1
255,fire,1
255,fate,1
255,lakshman,1
256,sita,3
256,glory,1
256,rama,4
256,lakshman,2
257,air,1
257,asoka,1
257,kaikeyi,1
257,sita,2
257,rama,2
257,ayodhya,1
258,lakshman,2
258,moon,1
258,wind,1
258,glory,1
258,rama,1
259,godavari,2
259,sita,7
259,rama,4
259,fate,2
259,raghu,2
259,right,1
259,ravan,1
259,lakshman,4
259,rain,1
259,glory,1
259,sun,3
259,virtue,1
259,gandharvas,1
259,kinnars,1
259,moon,1
259,fire,1
259,wind,1
259,daitya,1
259,danav,1
259,rudra,1
260,fire,1
260,lakshman,1
260,moon,1
260,sun,1
260,wind,1
260,glory,1
260,gandharvas,1
260,sita,1
260,right,1
261,dasaratha,1
261,bharat,1
261,yayati,1
261,nahush,1
261,indra,1
261,virtue,1
262,lakshman,5
262,janasthan,1
262,gandharvas,1
262,kinnars,1
262,jatayus,1
262,air,1
262,sita,1
262,ravan,1
262,rama,4
262,fate,2
263,rama,5
263,fate,2
263,sita,3
263,ravan,1
263,wind,1
263,dandak,1
263,fire,1
263,honour,1
264,janasthan,1
264,sita,1
264,lakshman,2
264,rama,3
264,raghu,1
264,fate,2
264,kabandha,1
264,dasaratha,1
264,glory,1
265,kabandha,1
265,fate,1
265,lakshman,4
265,rama,2
265,air,1
266,fame,1
266,sun,2
266,moon,1
266,beauty,1
266,rama,4
266,danu,3
266,indra,2
266,fire,3
266,lakshman,1
266,janasthan,1
266,ravan,1
267,fire,1
267,lakshman,1
267,air,1
267,rama,1
267,sita,1
267,sugriva,1
268,kabandha,3
268,glory,1
268,nandan,1
268,chaitraratha,1
268,lakshman,3
268,pampa,2
268,savari,1
268,brahma,1
268,air,2
268,sun,1
268,rama,1
269,pampa,1
269,kabandha,1
269,raghu,1
269,rama,5
269,honour,2
269,chitrakuta,1
269,lakshman,1
269,virtue,1
269,air,1
269,fire,1
269,glory,1
270,savari,1
270,rama,3
270,lakshman,3
270,beauty,1
270,sugriva,1
270,asoka,1
270,gandharvas,1
270,kinnars,1
270,glory,1
270,pampa,3
270,rishyamuka,1
270,riksharajas,1
270,sita,2
271,rama,2
271,pampa,4
271,rain,1
271,wind,4
271,beauty,2
271,fire,4
271,janak,1
271,glory,2
271,sita,7
271,air,1
271,sumitra,1
271,right,1
271,ayodhya,1
271,videhan,1
271,kausalya,1
271,bharat,1
271,lakshman,2
271,ravan,1
271,raghu,1
272,sugriva,3
272,raghu,1
272,bali,2
272,lakshman,1
273,honour,1
273,glory,1
273,beauty,1
273,raghu,1
273,lakshman,2
273,sugriva,2
273,yajush,1
273,rama,1
274,rama,4
274,sugriva,5
274,lakshman,2
274,fortune,1
274,fame,1
274,dasaratha,1
274,glory,3
274,sita,1
274,honour,2
274,hanuman,2
274,fate,1
274,wind,1
275,lakshman,2
275,rama,3
275,glory,2
275,fire-god,1
275,ravan,1
275,honour,1
275,sugriva,4
275,hanuman,2
275,fire,1
275,bali,2
275,sita,1
276,rama,3
276,hanuman,1
276,lakshman,1
276,sugriva,2
276,moon,1
276,beauty,1
276,fate,1
277,ravan,2
277,glory,1
277,sugriva,1
277,rama,1
277,rain,1
278,fate,1
278,lakshman,1
278,indra,1
278,rama,3
278,hanuman,1
278,virtue,1
278,raghu,1
278,fire,1
278,sugriva,1
279,bali,5
279,right,1
279,mayavi,1
279,fate,1
280,moon,1
280,kishkindha,1
280,sugriva,3
280,bali,1
280,sun,1
280,rama,1
281,sun,1
281,dundubhi,1
281,ocean,1
281,fate,1
281,kishkindha,1
281,indra,1
281,fame,1
281,rain,1
281,bali,11
281,tara,1
281,air,3
281,matanga,2
281,sugriva,4
281,lakshman,1
281,rama,4
281,glory,2
281,raghu,1
281,himalaya,1
282,air,1
282,bali,6
282,sugriva,3
282,rama,3
282,mercury,1
282,raghu,1
282,rishyamuka,1
282,lakshman,1
282,kishkindha,1
283,rama,3
283,bali,2
283,sugriva,5
283,lakshman,1
283,nala,1
283,nila,1
283,hanuman,1
283,glory,2
283,beauty,1
283,air,1
283,indra,1
283,honour,1
284,sugriva,3
284,sun,2
284,rama,1
284,bali,4
284,fire,1
285,glory,1
285,sun,1
285,tara,1
285,sugriva,3
285,angad,1
285,rama,1
285,lakshman,1
286,tara,1
286,rama,2
286,sugriva,9
286,bali,5
286,fire,1
286,indra,1
286,sun,1
286,moon,2
286,rain,1
287,bali,2
287,glory,2
287,rama,3
287,lakshman,2
287,mahendra,1
287,sun,1
287,sugriva,2
287,raghu,1
287,justice,1
287,virtue,1
287,tara,1
287,fate,2
287,ravan,1
288,bali,3
288,glory,1
288,ocean,1
288,justice,3
288,bharat,3
288,right,4
288,ruma,1
288,sugriva,3
288,lakshman,2
288,honour,3
288,fate,1
288,rama,2
288,tara,1
288,angad,2
289,tara,4
289,bali,2
289,angad,4
289,rain,1
289,rama,1
289,indra,1
289,sugriva,1
289,lakshman,1
290,glory,1
290,justice,1
290,sugriva,2
290,fate,1
290,rama,2
290,tara,2
290,angad,1
290,bali,1
291,hanuman,2
291,right,1
291,angad,5
291,sugriva,1
291,bali,1
292,bali,4
292,sugriva,2
292,fate,2
292,glory,3
292,fame,1
292,tara,2
292,mars,1
292,angad,1
292,kishkindha,1
292,golabh,1
293,fate,1
293,tara,2
293,sugriva,1
293,rama,2
293,nila,1
293,sun,3
293,rain,1
293,bali,1
293,honour,1
293,angad,2
294,sugriva,1
294,rama,2
294,raghu,1
294,angad,1
294,rishyamuka,1
294,fate,1
294,rain,1
295,fate,6
295,virtue,2
295,bali,2
295,sugriva,5
295,tara,5
295,wind,1
295,sun,2
295,rama,1
295,lakshman,1
295,angad,3
295,glory,1
295,beauty,1
296,brahma,1
296,hanuman,1
296,rama,2
296,sugriva,6
296,right,1
296,angad,2
296,rain,1
296,kishkindha,1
297,sugriva,2
297,raghu,3
297,prasravan,1
297,lakshman,1
297,beauty,2
297,rain,2
297,glory,1
297,rama,1
298,rama,1
298,sita,2
298,sugriva,3
298,rain,1
298,air,1
298,sun,1
298,fate,1
298,ravan,1
299,ruma,1
299,tara,1
299,indra,1
299,sugriva,2
299,glory,1
299,honour,2
299,fame,2
299,sita,1
299,fortune,1
299,nila,1
300,rama,1
300,glory,2
300,moon,1
300,indra,2
300,thousand-eyed,1
300,lakshman,1
300,raghu,1
300,rain,2
300,sita,1
300,dandak,1
300,sugriva,1
300,bali,1
301,rama,5
301,lakshman,7
301,sugriva,1
301,tara,1
301,fire,1
301,angad,6
301,ruma,1
301,prabhava,1
302,sugriva,1
302,rama,1
302,hanuman,1
302,bali,1
302,glory,1
302,mars,1
302,air,1
302,lakshman,1
303,lakshman,4
303,beauty,2
303,vindhya,1
303,sun,1
303,glory,1
303,rama,3
303,sugriva,2
303,tara,2
303,virtue,4
303,honour,1
303,fire,1
303,ruma,1
304,sugriva,3
304,ruma,1
304,glory,1
304,lakshman,1
304,brahma,1
304,rama,1
304,honour,1
304,bali,1
305,tara,1
305,rama,2
305,fame,1
305,ruma,2
305,visvamitra,1
305,fire,1
305,moon,1
305,lanka,1
305,sugriva,2
306,lakshman,1
306,sugriva,1
306,rain,1
306,rama,2
306,ravan,2
306,sita,1
307,sugriva,2
307,dhumra,1
307,maharun,1
307,rama,1
307,sun,1
307,moon,1
308,sugriva,4
308,lakshman,1
308,kishkindha,1
308,tara,1
308,rama,2
308,raghu,2
308,virtue,1
308,meru,1
309,indra,2
309,glory,1
309,sachi,1
309,sun,2
309,satabali,1
309,air,1
309,gavaya,1
309,darimukha,1
309,dwivid,1
309,asvin,1
309,sugriva,2
309,rama,1
310,ravan,4
310,sita,2
310,mandar,1
310,ocean,4
310,sun,4
310,sudarsan,1
310,moon,2
310,ananta,1
310,glory,2
310,air,2
310,vishnu,1
311,nila,1
311,jambavan,1
311,angad,1
311,vindhya,1
311,moon,1
311,ravan,1
311,kunjar,1
311,beauty,1
311,glory,1
312,sushen,2
312,sugriva,1
312,ocean,1
312,air,1
312,ravan,2
312,glory,2
312,sun,1
312,meru,1
313,sugriva,1
313,right,1
313,soma,1
313,sun,1
313,brahma,1
314,hanuman,2
314,air,1
314,rama,1
315,angad,1
315,vinata,1
315,sushen,1
315,ravan,1
316,sugriva,1
316,mayavi,1
316,bali,2
316,sun,2
316,hanuman,1
317,sita,1
317,sugriva,4
317,vinata,1
317,satabali,1
317,sushen,1
317,rama,1
317,hanuman,1
318,hanuman,1
318,sita,1
318,kandu,1
318,angad,2
319,angad,1
319,sugriva,1
319,gandhamadan,1
320,angad,1
320,tara,1
320,hanuman,2
321,glory,1
321,maya,1
321,danav,1
321,brahma,2
322,ravan,1
322,angad,1
322,sugriva,1
322,hanuman,1
322,prasravan,1
323,angad,1
323,sugriva,1
323,sita,1
323,tara,1
323,rama,1
324,moon,1
324,indra,1
325,justice,1
325,fame,1
325,kishkindha,1
325,fate,2
325,raghu,1
325,ruma,1
325,angad,2
326,fate,1
326,angad,1
326,hanuman,1
326,rama,3
326,lakshman,1
326,jatayus,3
326,bali,1
326,sun,1
327,angad,1
327,fame,1
327,bali,1
327,sita,1
327,ravan,1
327,rama,1
327,sugriva,2
328,fate,1
328,sampati,2
328,angad,1
328,ravan,4
328,rama,1
328,vishnu,1
328,asurs,1
328,ocean,1
328,air,2
328,vinata,1
328,videhan,1
329,jambavan,1
329,sampati,1
329,gandharvas,1
329,air,1
329,sita,1
330,sampati,1
330,vindhya,1
330,nisakar,2
330,jatayus,1
331,sun,4
331,air,1
331,meru,1
331,vindhya,1
331,jatayus,1
332,rama,2
332,lakshman,1
332,beauty,1
332,fate,1
333,nisakar,1
333,fire,1
334,ocean,2
334,angad,3
334,indra,1
335,angad,2
335,jambavan,2
335,rama,1
335,fire,1
336,anjana,1
336,kunjar,1
336,beauty,2
336,wind,1
336,sun,1
336,indra,1
336,wind-god,1
336,ocean,1
337,air,1
337,ocean,1
337,jambavan,1
338,sun,2
338,wind,3
338,ocean,1
338,gandharvas,1
338,asurs,1
338,air,3
338,glory,1
338,honour,5
338,indra,1
338,hanuman,2
338,rama,1
338,ravan,1
338,sita,2
338,brahma,1
338,gandharva,1
338,moon,1
338,rahu,1
339,sun,1
340,ravan,1
340,lanka,1
341,air,1
341,moon,2
343,moon,1
344,air,2
345,air,2
346,moon,2
346,indra,1
346,mandodari,1
346,beauty,1
346,glory,1
347,indra,1
347,sita,1
348,ravan,1
348,ocean,1
348,jambavan,1
348,sita,1
349,air,2
349,sita,1
349,virtue,1
349,raghu,1
349,lakshman,1
349,bharat,1
349,satrughna,1
349,honour,1
349,ruma,1
349,angad,1
349,hanuman,1
349,asoka,1
349,glory,1
349,sun,1
349,moon,1
350,rain,1
350,beauty,1
350,rama,1
351,kailasa,1
351,glory,1
351,rohini,1
351,moon,1
351,ravan,1
351,beauty,1
352,sita,1
352,ganga,1
352,bali,1
352,janasthan,1
352,mithila,1
352,rama,1
353,sita,1
353,rama,1
354,vedas,1
354,asoka,1
354,indra,1
354,beauty,1
354,moon,1
355,moon,1
356,right,1
356,beauty,2
356,asurs,1
356,glory,1
357,honour,1
357,lanka,1
358,rama,1
358,sita,1
359,sita,1
359,visravas,1
359,pulastya,1
359,glory,2
359,ravan,1
359,vikata,1
359,sun,1
359,wind,1
360,rama,1
360,sita,1
360,ravan,1
361,rama,1
362,rama,1
362,janasthan,1
363,raghu,1
363,ocean,2
363,rama,2
363,sun,1
363,lakshman,1
363,lanka,2
363,sita,1
363,ravan,1
364,sita,1
364,rama,1
365,dasaratha,1
365,right,1
365,rama,2
365,bali,2
366,rama,1
366,glory,2
366,indra,1
367,hanuman,1
367,moon,1
367,ravan,2
367,rama,2
367,sita,1
368,hanuman,1
368,sun,1
368,moon,1
368,vishnu,1
368,justice,1
368,ravan,1
368,lakshman,1
368,sugriva,1
369,glory,2
369,right,1
369,honour,1
369,sugriva,2
369,rama,1
369,bali,1
370,rama,3
370,lakshman,1
370,bharat,1
370,sugriva,1
370,indra,2
370,mandar,1
370,sita,1
371,fate,2
371,rama,2
371,prasravan,1
371,glory,1
371,fire,1
372,ocean,1
372,rama,2
372,sita,1
372,hanuman,2
373,honour,1
373,fire,1
374,sita,2
374,rama,1
374,fire,1
374,hanuman,3
374,indra,1
374,ravan,1
375,air,1
376,ravan,1
376,air,1
376,jambumali,1
377,glory,1
377,hanuman,1
377,air,1
377,wind,1
378,ravan,1
378,indra,1
378,bali,1
378,yupaksha,1
378,virupaksha,1
378,praghas,1
378,sun,1
379,asurs,1
379,wind,1
379,sun,1
379,ocean,1
379,aksha,3
379,hanuman,1
379,air,1
380,asurs,1
380,jambumali,1
380,aksha,1
380,hanuman,1
381,hanuman,1
381,right,1
381,indra,1
382,glory,1
382,prahasta,1
382,vishnu,1
382,lanka,1
383,sugriva,2
383,fame,1
383,lakshman,1
383,rama,2
383,bali,1
383,lanka,2
383,ravan,1
384,ravan,1
384,vibhishan,2
384,justice,1
384,ocean,1
385,fire,3
385,sun,1
386,beauty,1
386,fire,2
386,wind,1
386,hanuman,1
387,fire,3
387,virtue,1
387,hanuman,1
388,beauty,1
389,jambavan,2
389,air,1
389,hanuman,1
389,angad,2
390,dadhimukh,4
390,angad,1
390,sugriva,2
390,hanuman,1
391,angad,1
391,hanuman,1
391,sita,1
392,rama,1
392,janak,1
392,beauty,1
392,sita,1
392,glory,1
393,raghu,1
393,hanuman,1
393,lakshman,1
393,ocean,1
394,sugriva,1
394,sita,1
395,lanka,2
395,dwivid,1
395,panas,1
395,jambavan,1
396,raghu,1
396,sun,1
396,glory,5
396,gandhamadan,1
396,lakshman,2
396,jambavan,1
396,ravan,1
396,ocean,3
396,tarak,1
396,rama,1
396,sugriva,1
396,moon,1
397,mainda,1
397,dwivid,1
397,rama,1
397,fire,1
397,glory,1
397,moon,1
398,hanuman,1
398,lanka,1
398,rama,1
399,kailasa,1
399,yaksha,1
399,kuvera,1
399,fame,1
399,maya,1
399,danav,1
399,sankha,1
400,prahasta,1
400,hanuman,2
400,right,1
400,vajradanshtra,1
400,rama,1
400,bharat,1
400,rain,1
400,nikumbha,1
401,sugriva,1
401,hanuman,2
401,vibhishan,2
401,raghu,1
401,khara,1
401,lanka,1
401,sita,1
401,glory,1
402,vibhishan,2
402,gandharvas,1
402,glory,1
402,rama,1
403,sita,1
403,lanka,1
403,honour,1
403,vibhishan,1
404,prahasta,1
404,glory,1
404,fame,1
404,kumbhakarna,1
404,sun,2
404,moon,1
404,maya,1
404,beauty,1
404,rama,2
404,raghu,1
404,sugriva,1
404,dasaratha,1
404,fortune,1
404,indra,1
405,videhan,1
405,kumbhakarna,1
405,indrajit,1
405,brahma,1
405,rama,2
405,glory,1
405,sun,1
406,vibhishan,1
406,sita,1
406,rama,2
406,indra,1
406,prahasta,2
406,nikumbha,1
407,indrajit,1
407,raghu,2
407,air,1
407,vibhishan,1
407,sita,1
408,ravan,1
408,fate,2
408,rain,1
408,vibhishan,1
409,vibhishan,5
409,sugriva,5
409,air,1
409,ocean,1
409,janasthan,1
409,janak,1
409,fate,1
409,rama,2
409,hanuman,2
409,angad,1
409,ravan,2
409,lanka,1
409,bali,1
410,sugriva,1
410,raghu,1
410,lakshman,1
410,vibhishan,3
410,virtue,1
410,glory,2
410,honour,1
410,kandu,1
410,rama,1
410,indra,1
411,air,1
411,vibhishan,2
411,rama,4
411,kumbhakarna,1
411,lanka,1
411,ravan,1
411,hanuman,1
411,ocean,2
411,fire,1
412,rama,3
412,lakshman,1
412,ocean,1
412,ravan,1
412,sugriva,3
412,fame,1
412,suka,1
412,air,1
412,bali,1
412,lanka,2
412,vulture-king,1
412,angad,1
413,rama,2
413,ocean,3
413,lakshman,2
413,honour,1
413,fire,1
413,raghu,1
413,air,1
414,rain,2
414,wind,1
414,rama,6
414,ocean,4
414,drumakulya,1
414,glory,3
414,nala,2
414,visvakarma,1
414,vibhishan,1
414,sugriva,1
414,angad,1
414,lakshman,1
414,air,1
415,moon,1
415,rama,8
415,lanka,2
415,sita,1
415,rohini,1
415,beauty,1
415,rishabh,1
415,lakshman,1
415,jambavan,1
415,sushen,1
415,sugriva,2
415,ravan,1
415,viradha,1
415,kabandha,1
415,sun,1
416,rama,8
416,suka,2
416,saran,2
416,fame,1
416,raghu,1
416,ravan,4
416,vibhishan,1
416,danav,1
416,sugriva,2
416,sita,1
417,saran,1
417,sugriva,1
417,lanka,2
417,fire,1
417,varun,1
417,nala,1
417,chanda,1
417,sudarsan,1
417,glory,1
417,ocean,1
417,vinata,1
417,gavaya,1
418,hara,1
418,jambavan,1
418,pramathi,1
418,gaja,1
418,gavaksha,1
418,nala,1
418,nila,1
419,saran,1
419,suka,1
419,ravan,1
419,kishkindha,2
419,sugriva,2
419,dwivid,1
419,mainda,1
419,brahma,1
419,lanka,1
419,glory,1
419,rama,2
419,right,1
419,vibhishan,1
419,tara,1
420,ravan,2
420,mahodar,2
420,sardula,1
420,vibhishan,2
420,sugriva,1
420,rama,1
421,rama,2
421,sardula,2
422,sita,3
422,vidyujjihva,2
422,ravan,2
422,lanka,1
422,sun,1
422,vibhishan,1
422,lakshman,1
422,hanuman,1
422,sugriva,1
422,mainda,1
422,dwivid,1
422,fame,1
422,rama,1
422,prahasta,1
423,rama,3
423,sita,1
423,dasaratha,1
423,kausalya,1
423,lakshman,1
423,fate,1
423,glory,1
423,prahasta,1
424,sita,1
424,ravan,1
424,asoka,1
424,rama,5
424,fame,1
424,fortune,1
424,indra,1
425,sarama,3
425,rain,1
425,sita,1
425,ravan,1
425,asoka,1
425,honour,1
425,hanuman,1
425,rama,1
426,ravan,1
426,justice,3
426,right,1
426,glory,1
426,air,1
426,lanka,1
426,ocean,1
427,rama,2
427,lakshman,1
427,ravan,2
427,malyavan,1
427,prahasta,1
427,saran,1
427,suka,1
428,vibhishan,2
428,ravan,2
428,prahasta,2
428,sun,1
428,hanuman,1
428,lakshman,2
428,brahma,1
429,vibhishan,1
429,lanka,1
429,sun,1
430,sun,1
430,lanka,3
430,asoka,1
430,air,1
430,trikuta,1
430,vishnu,1
430,glory,1
431,raghu,1
431,sugriva,3
431,rama,2
431,air,1
432,rama,5
432,vibhishan,1
432,lanka,2
432,ravan,2
432,mainda,1
432,dwivid,1
432,hanuman,1
432,sun,2
432,sugriva,1
432,angad,5
432,fame,1
432,honour,1
432,indra,1
433,ravan,2
433,rama,2
433,lanka,1
433,sita,1
434,indrajit,2
434,angad,3
434,prajangha,2
434,jambumali,2
434,satrughna,1
434,gaja,1
434,tapan,1
434,nila,1
434,nikumbha,1
434,praghas,2
434,lakshman,1
434,rama,2
434,agniketu,1
434,yajnakopa,1
434,indra,1
434,fire,1
434,sampati,1
434,hanuman,1
434,sugriva,1
434,virupaksha,1
435,raghu,1
435,rama,1
435,wind,1
435,angad,1
435,virtue,1
435,honour,1
436,air,1
436,sun,1
436,indrajit,1
436,indra,1
437,angad,1
437,nila,1
437,hanuman,1
437,vibhishan,1
437,ravan,1
437,indrajit,1
437,raghu,1
437,rama,4
437,dushan,1
437,khara,1
437,rain,1
437,sugriva,1
437,lakshmi,1
437,fire,1
438,rama,3
438,angad,1
438,lanka,1
438,air,1
439,janasthan,1
439,indra,1
439,beauty,2
439,sita,1
439,lanka,1
440,rama,2
440,sita,1
440,kaikeyi,1
440,lakshman,1
440,vibhishan,2
441,sugriva,4
441,angad,1
441,raghu,1
441,vibhishan,2
441,indrajit,1
441,sushen,2
441,kishkindha,1
441,glory,1
441,panas,1
441,sampati,1
441,drona,1
441,hanuman,1
441,wind,1
441,rama,1
441,ravan,1
441,sita,1
441,garud,1
441,fire,1
442,rama,2
442,sugriva,1
442,sun,1
442,dhumraksha,1
443,dhumraksha,2
443,hanuman,2
443,wind,1
443,air,1
444,ravan,1
444,vajradanshtra,1
444,raghu,1
444,sugriva,1
445,angad,4
445,mercury,1
445,mars,1
445,akampan,1
445,prahasta,1
446,akampan,1
446,hanuman,1
446,ravan,1
446,kumbhakarna,1
446,prahasta,3
446,air,1
446,rain,1
446,nila,2
447,glory,2
447,rama,8
447,vibhishan,1
447,fire,1
447,atikaya,1
447,fate,2
447,lanka,2
447,sugriva,2
447,sushen,1
447,nala,1
447,gavaya,1
447,lakshman,8
447,honour,1
447,hanuman,4
447,right,1
447,fame,1
447,indra,2
447,ravan,5
447,rain,1
447,nila,1
447,meru,1
447,air,2
447,vishnu,1
448,indra,2
448,rama,2
448,kumbhakarna,2
448,air,1
448,sun,1
448,fire,2
448,yupaksha,1
448,lanka,1
448,ravan,1
449,raghu,1
449,vibhishan,2
449,yama,1
449,indra,3
449,gandharvas,1
449,kumbhakarna,1
449,airavat,1
449,brahma,1
449,ravan,1
449,rama,2
450,rain,1
450,lanka,1
451,kumbhakarna,1
451,vibhishan,1
451,sita,1
451,rama,1
451,varun,1
451,indra,1
451,sugriva,1
451,lakshman,1
451,hanuman,1
452,mahodar,1
452,janasthan,1
452,fame,1
452,kumbhakarna,1
452,raghu,1
453,kumbhakarna,2
453,ravan,2
453,yama,1
453,trident,1
454,angad,1
455,dwivid,1
455,hanuman,3
455,nila,2
455,kumbhakarna,6
455,rishabh,1
455,sarabh,1
455,indra,3
455,sugriva,3
455,glory,2
455,rama,7
455,sumitra,1
455,fame,1
455,raghu,1
455,fire,1
455,danav,1
455,bali,1
455,air,1
456,ravan,1
456,trisiras,1
456,indra,1
456,kumbhakarna,1
456,vibhishan,1
457,trisiras,1
457,danav,1
457,garud,1
457,vishnu,1
457,devantak,1
457,narantak,2
457,sugriva,1
457,angad,3
457,sun,1
458,devantak,3
458,angad,4
458,mahodar,2
458,hanuman,4
458,nila,1
458,trisiras,3
458,air,1
459,rama,2
459,vibhishan,2
459,dragon,1
459,fame,1
459,atikaya,1
459,dhanyamalini,1
459,ravan,1
459,lanka,1
459,fire,1
459,wind-god,1
459,rain,1
460,ravan,1
460,atikaya,1
460,kumbhakarna,1
460,rama,1
460,asoka,1
461,indrajit,2
461,right,1
461,raghu,3
461,fire,1
461,nila,1
461,gaya,1
461,hanuman,1
461,mainda,1
461,sun,1
461,lanka,1
462,hanuman,5
462,vibhishan,3
462,sugriva,2
462,jambavan,2
462,dwivid,1
462,kailasa,1
462,air,2
462,brahma,1
462,rudra,1
462,raghu,1
463,sugriva,4
463,ravan,2
463,fire,2
463,lanka,1
463,rama,3
463,nikumbha,2
463,kumbha,4
463,angad,1
463,dwivid,1
463,mandar,1
463,makaraksha,1
463,khara,1
463,indrajit,1
463,hanuman,1
464,indra,2
464,glory,1
464,indrajit,1
464,fire,1
464,brahma,1
464,rama,1
464,gandharva,1
465,sun,1
465,air,1
465,sugriva,1
465,angad,1
466,rama,5
466,angad,1
466,virupaksha,1
466,ravan,4
466,lakshman,1
466,vritra,1
467,ravan,3
467,fire,1
467,vibhishan,3
467,lakshman,1
467,maya,1
467,rama,1
467,air,1
468,sushen,3
468,lakshman,3
468,glory,1
468,virtue,1
469,rain,1
469,raghu,1
469,sun,2
469,indra,1
469,ravan,3
469,rama,4
469,air,1
469,mars,1
470,ravan,1
470,sun,1
470,rama,1
471,rama,2
471,fortune,1
471,trident,1
472,rama,3
472,lanka,1
472,rain,2
472,sun,1
472,ravan,1
473,matali,1
473,rama,1
473,fire,2
473,agastya,1
473,indra,1
473,sun,1
473,vritra,1
473,thunderer,1
473,ravan,1
473,rain,1
474,vibhishan,2
474,fate,1
474,sun,1
474,moon,1
474,fire,2
474,rama,2
475,ravan,1
475,yama,1
475,rama,1
476,mandodari,1
476,indra,2
476,fate,1
476,janasthan,1
476,khara,1
476,hanuman,1
476,sita,1
476,rama,1
476,vibhishan,5
476,fire,3
476,lanka,1
477,lanka,1
477,sugriva,3
477,hanuman,2
477,indra,1
477,raghu,1
477,swarga,1
477,rama,1
477,lakshman,3
477,vibhishan,1
478,lanka,2
478,rama,1
478,vibhishan,1
478,hanuman,1
478,sun,1
479,rama,2
479,vibhishan,1
479,sita,3
479,ocean,1
479,raghu,1
479,lakshman,1
479,moon,1
480,glory,1
480,honour,3
480,sugriva,1
480,lanka,1
480,fame,1
480,ravan,1
481,fate,1
481,hanuman,1
481,lakshman,1
481,fire,2
481,rama,1
481,virtue,1
482,yama,1
482,brahma,1
482,fire,2
482,rama,1
482,dasaratha,1
482,vishnu,1
482,krishna,1
482,sita,1
482,lakshmi,1
482,ravan,1
483,fire,2
483,honour,2
483,ravan,1
483,virtue,1
483,sita,1
483,fame,1
483,glory,1
484,kausalya,2
484,kaikeyi,1
484,sumitra,1
484,sita,2
484,dasaratha,1
484,rama,3
484,purushottam,1
484,glory,2
484,lakshman,1
484,indra,1
484,fire,1
485,indra,1
485,raghu,1
485,ayodhya,1
485,kausalya,1
486,vibhishan,2
486,rama,1
486,ravan,1
486,lanka,1
486,raghu,1
486,visvakarma,1
487,rama,4
487,lakshman,1
487,kishkindha,1
487,glory,1
487,indra,1
487,kausalya,1
487,raghu,1
487,vibhishan,1
487,sugriva,1
488,lanka,1
488,ravan,3
488,sun,2
488,hanuman,1
488,kishkindha,1
488,bali,1
488,sugriva,1
488,pampa,1
488,janasthan,1
488,jatayus,1
488,godavari,1
488,indra,1
488,jumna,1
488,bharadvaja,1
488,guha,1
489,rama,3
489,ayodhya,1
489,bharadvaja,1
489,beauty,1
490,hanuman,3
490,ayodhya,2
490,sringavera,1
490,guha,1
490,lakshman,2
490,bharat,2
490,ikshvaku,1
490,air,2
490,jumna,1
490,rama,2
490,gomati,1
490,nandigrama,1
490,dandak,1
491,hanuman,1
491,dandak,1
491,viradha,1
491,rama,2
491,indra,1
491,khara,1
491,trisiras,1
491,dushan,1
491,ravan,1
491,jatayus,1
492,bharat,7
492,satrughna,3
492,honour,1
492,air,1
492,kausalya,1
492,sumitra,1
492,rama,4
492,ravan,1
492,vibhishan,2
492,sugriva,2
492,lakshman,1
492,jambavan,1
493,bharat,4
493,rama,6
493,sita,2
493,sumantra,1
493,satrughna,3
493,ayodhya,1
493,indra,1
493,glory,2
493,vibhishan,1
493,sugriva,3
493,satrunjay,1
493,ocean,1
493,air,1
493,vijay,1
493,vamadeva,1
493,wind,1
493,mahendra,1
493,angad,1
