Source,Target,Weight,Book
valmiki,rama,1,1
kaikeyi,lakshman,2,2
rama,sringavera,1,2
rama,ganga,1,2
sringavera,ganga,1,2
bharadvaja,chitrakuta,1,2
bharadvaja,rama,1,2
bharadvaja,lakshman,1,2
chitrakuta,rama,3,2
chitrakuta,lakshman,1,2
rama,lakshman,3,2
ayodhya,rama,2,2
chitrakuta,dandaka,1,2
rama,dandaka,1,2
rama,surpanakha,2,2
dushan,rama,1,2
ravan,rama,5,2
ravan,maricha,1,2
rama,maricha,2,2
pampa,hanuman,1,2
pampa,wind-god,1,2
hanuman,wind-god,1,2
bali,rama,1,2
kishkindha,bali,1,2
sugriva,rama,4,2
sugriva,bali,8,2
rama,bali,2,2
rama,sampati,1,2
rama,sugriva,3,2
lanka,rama,1,2
lanka,ravan,3,2
lanka,sita,1,2
rama,ravan,1,2
rama,sita,4,2
ravan,sita,1,2
brahma,rama,1,2
sudras,brahma,1,2
valmiki,ganga,1,2
rama,raghu,4,2
visvamitra,janak,1,2
rama,kaikeyi,1,2
guha,ganga,1,2
guha,bharadvaja,1,2
ganga,bharadvaja,1,2
chitrakuta,bharat,1,2
bharat,rama,5,2
bharat,nandigrama,1,2
bharat,dandak,1,2
bharat,anasuya,1,2
nandigrama,rama,1,2
nandigrama,dandak,1,2
nandigrama,anasuya,1,2
rama,dandak,1,2
rama,anasuya,1,2
dandak,anasuya,1,2
sarabhanga,indra,1,2
sarabhanga,agastya,1,2
sarabhanga,rama,1,2
sarabhanga,viradha,1,2
sarabhanga,panchavata,1,2
sarabhanga,surpanakha,1,2
indra,agastya,1,2
indra,rama,2,2
indra,viradha,1,2
indra,panchavata,1,2
indra,surpanakha,1,2
agastya,rama,1,2
agastya,viradha,1,2
agastya,panchavata,1,2
agastya,surpanakha,1,2
rama,viradha,1,2
rama,panchavata,1,2
viradha,panchavata,1,2
viradha,surpanakha,1,2
panchavata,surpanakha,1,2
trisira,khara,1,2
trisira,ravan,1,2
trisira,rama,2,2
trisira,vulture-king,1,2
khara,ravan,1,2
khara,rama,2,2
khara,vulture-king,1,2
ravan,vulture-king,1,2
rama,vulture-king,2,2
kabandha,pampa,2,2
kabandha,raghu,1,2
pampa,raghu,2,2
sugriva,tara,3,2
bali,tara,2,2
raghu,rama,3,2
lanka,hanuman,1,2
asoka,rama,1,2
asoka,sita,1,2
hanuman,lanka,2,2
rama,nala,2,2
sita,nala,1,2
lanka,vibhishan,1,2
lanka,kumbhakarna,1,2
lanka,meghanada,1,2
vibhishan,ravan,2,2
vibhishan,kumbhakarna,1,2
vibhishan,meghanada,1,2
ravan,kumbhakarna,2,2
ravan,meghanada,2,2
kumbhakarna,meghanada,1,2
sita,pushpak,2,2
sita,brahma,2,2
sita,bharadvaja,2,2
sita,wind-god,2,2
pushpak,brahma,1,2
pushpak,bharadvaja,1,2
pushpak,wind-god,1,2
brahma,bharadvaja,1,2
brahma,wind-god,1,2
bharadvaja,wind-god,1,2
valmiki,rama,2,2
sita,ravan,1,2
indra,manu,1,2
indra,kamboja,1,2
dasaratha,indra,2,2
arthasadhak,dharmapal,1,2
vasishtha,sumantra,1,2
kasyap,rishyasring,1,2
santa,rishyasring,1,2
rishyasring,dasaratha,1,2
dasaratha,vasishtha,3,2
rishyasring,lomapad,1,2
dasaratha,santa,1,2
santa,dasaratha,1,2
vasishtha,vamadeva,1,2
vasishtha,kasyap,1,2
vasishtha,dasaratha,1,2
vamadeva,kasyap,2,2
vamadeva,dasaratha,1,2
kasyap,dasaratha,1,2
rishyasring,vasishtha,1,2
sarju,rishyasring,1,2
dasaratha,rishyasring,1,2
rishyasring,indra,1,2
kausalya,rishyasring,1,2
chatushtom,ukthya,1,2
chatushtom,atiratra,1,2
ukthya,atiratra,1,2
aptoryam,abhijit,1,2
indra,vishnu,3,2
madhu,ravan,1,2
indra,sugriva,1,2
indra,gandhamadan,1,2
sugriva,gandhamadan,1,2
dwivida,mainda,1,2
indra,garud,1,2
vasishtha,santa,1,2
sumitra,santa,1,2
kausalya,aditi,1,2
ravan,vishnu,1,2
kaikeyi,bharat,1,2
kaikeyi,vishnu,1,2
bharat,vishnu,1,2
bharat,lakshman,1,2
vishnu,lakshman,1,2
vishnu,bharat,1,2
vishnu,sumitra,1,2
bharat,sumitra,1,2
kaikeyi,sumitra,1,2
lakshman,rama,2,2
lakshman,satrughna,1,2
lakshman,bharat,1,2
satrughna,bharat,1,2
visvamitra,dasaratha,1,2
indra,brahma,1,2
rama,vasishtha,1,2
visvamitra,pulastya,1,2
ravan,suvahu,1,2
suvahu,vasishtha,1,2
ikshvaku,raghu,2,2
kusik,lakshman,1,2
kusik,visvamitra,1,2
kusik,wind-god,1,2
lakshman,visvamitra,2,2
lakshman,wind-god,1,2
visvamitra,wind-god,1,2
lakshman,indra,1,2
siva,sarju,1,2
sarju,ganga,2,2
kailasa,brahma,1,2
kailasa,sarju,1,2
brahma,sarju,1,2
ayodhya,sarju,1,2
ayodhya,brahma,1,2
ayodhya,ganga,1,2
sarju,brahma,1,2
brahma,ganga,1,2
brahma,sunda,1,2
maricha,tadaka,1,2
kavya,bhrigu,1,2
tadaka,rama,1,2
raghu,indra,1,2
dasaratha,visvamitra,1,2
dasaratha,tadaka,1,2
visvamitra,tadaka,1,2
vishnu,indra,2,2
vishnu,siva,1,2
indra,siva,1,2
varun,siva,1,2
vishnu,wind-god,1,2
virochan,indra,1,2
bali,indra,1,2
bali,vishnu,1,2
bali,virochan,1,2
indra,virochan,1,2
vishnu,virochan,1,2
virochan,vishnu,1,2
suvahu,wind-god,1,2
rama,indra,1,2
visvamitra,raghu,2,2
visvamitra,rama,3,2
kausambi,mahodaya,1,2
kausambi,dharmaranya,1,2
mahodaya,dharmaranya,1,2
kampili,indra,1,2
kampili,kusanabha,1,2
indra,kusanabha,1,2
indra,brahmadatta,1,2
wind-god,kusanabha,1,2
kusanabha,visvamitra,1,2
brahma,kusanabha,1,2
brahma,gadhi,1,2
kusanabha,gadhi,1,2
kusa,richika,1,2
brahma,kusa,1,2
sona,rama,1,2
uma,ganga,1,2
uma,himalaya,1,2
ganga,himalaya,1,2
ganga,uma,1,2
sagar,himalaya,1,2
sagar,vindhya,1,2
himalaya,vindhya,1,2
kapil,sagar,1,2
indra,ansuman,1,2
ansuman,dilipa,2,2
ansuman,himalaya,1,2
dilipa,himalaya,1,2
nalini,sita,1,2
sindhu,bhagirath,1,2
sindhu,siva,1,2
bhagirath,siva,1,2
bhagirath,ganga,2,2
ganga,jahnavi,1,2
ganga,jahnu,1,2
jahnavi,jahnu,1,2
ganga,visala,1,2
indra,krita,1,2
aditi,kasyap,1,2
asurs,mandar,1,2
varun,diti,1,2
suras,asurs,1,2
suras,titan,1,2
asurs,titan,1,2
diti,indra,3,2
kasyap,maricha,1,2
visala,suchandra,1,2
somadatta,ikshvaku,1,2
mithila,visvamitra,1,2
mithila,janak,1,2
ahalya,indra,1,2
gautam,indra,1,2
gautam,himalaya,1,2
gautam,ahalya,1,2
himalaya,ahalya,1,2
gautam,rama,2,2
gautam,raghu,2,2
rama,ahalya,1,2
raghu,mithila,1,2
visvamitra,satananda,2,2
visvamitra,gautam,1,2
renuka,bhrigu,1,2
rama,satananda,1,2
satananda,raghu,1,2
vasishtha,brahma,2,2
vasishtha,visvamitra,5,2
brahma,visvamitra,2,2
visvamitra,vasishtha,1,2
sakas,haritas,1,2
sakas,visvamitra,1,2
haritas,visvamitra,1,2
himalaya,nagas,1,2
visvamitra,gadhi,1,2
gadhi,varun,1,2
gadhi,rudra,1,2
varun,rudra,1,2
brahma,varun,1,2
gadhi,brahma,1,2
gadhi,indra,1,2
brahma,indra,1,2
visvamitra,trisanku,1,2
ambarisha,indra,1,2
bhrigu,richika,1,2
vishnu,agni,1,2
indra,upendra,1,2
indra,sunahsepha,1,2
upendra,sunahsepha,1,2
indra,visvamitra,1,2
kusik,indra,1,2
visvamitra,himalaya,1,2
satananda,kusik,1,2
janak,devarat,1,2
janak,nimi,1,2
devarat,nimi,1,2
rudra,daksha,1,2
janak,rama,2,2
sita,rama,2,2
kusik,janak,1,2
visvamitra,videha,1,2
videha,satananda,1,2
vamadeva,kausalya,1,2
vamadeva,visvamitra,1,2
kausalya,visvamitra,1,2
dasaratha,sumantra,1,2
vamadeva,markandeya,1,2
markandeya,kasyap,1,2
satananda,kusadhwaj,1,2
pushpak,ikshumati,1,2
vishnu,janak,1,2
janak,mithila,2,2
janak,satananda,2,2
mithila,satananda,1,2
ayodhya,raghu,1,2
ayodhya,mithila,1,2
janak,videha,2,2
ikshvaku,vasishtha,1,2
ikshvaku,visvamitra,1,2
brahma,marichi,2,2
brahma,kasyap,1,2
brahma,vivasvat,1,2
marichi,kasyap,2,2
marichi,vivasvat,2,2
kasyap,vivasvat,1,2
ikshvaku,ayodhya,1,2
ikshvaku,kukshi,1,2
ayodhya,kukshi,1,2
kukshi,trisanku,1,2
dhruvasandhi,asit,1,2
bhrigu,himalaya,1,2
sagar,asamanj,1,2
sagar,ansuman,1,2
sagar,dilipa,1,2
sagar,bhagirath,1,2
asamanj,ansuman,1,2
asamanj,dilipa,1,2
asamanj,bhagirath,1,2
ansuman,bhagirath,1,2
dilipa,bhagirath,1,2
sudarsan,maru,2,2
sudarsan,ambarisha,1,2
maru,ambarisha,2,2
ambarisha,nabhag,1,2
ambarisha,dasaratha,1,2
nabhag,dasaratha,1,2
ikshvaku,rama,1,2
ikshvaku,lakshman,1,2
maharoma,swarnaroma,1,2
sankasya,sita,1,2
sita,urmila,2,2
sita,lakshman,2,2
rama,urmila,1,2
urmila,lakshman,1,2
janak,vasishtha,3,2
janak,kusik,1,2
vasishtha,kusik,1,2
ikshvaku,videha,1,2
bharat,satrughna,3,2
bharat,dasaratha,1,2
satrughna,dasaratha,1,2
dasaratha,ayodhya,1,2
videha,mithila,1,2
kekaya,bharat,2,2
janak,ayodhya,1,2
vasishtha,videha,1,2
vasishtha,ayodhya,1,2
videha,ayodhya,1,2
kausalya,sita,1,2
sita,janak,1,2
janak,lakshman,1,2
janak,urmila,1,2
lakshman,urmila,1,2
srutakirti,raghu,1,2
srutakirti,janak,1,2
raghu,janak,1,2
jamadagni,kailasa,1,2
siva,tripura,1,2
siva,vishnu,4,2
siva,devarat,1,2
siva,videha,1,2
devarat,videha,1,2
richika,vishnu,1,2
richika,arjun,1,2
vishnu,arjun,1,2
jamadagni,visvamitra,1,2
rama,jamadagni,1,2
mahendra,bharat,1,2
mahendra,rama,1,2
varun,bhrigu,1,2
ayodhya,dasaratha,1,2
dasaratha,rama,1,2
bhrigu,ayodhya,1,2
kaikeyi,yudhajit,1,2
kaikeyi,kekaya,1,2
yudhajit,kekaya,1,2
bharat,yudhajit,1,2
satrughna,yudhajit,1,2
bharat,satrughna,11,3
bharat,varun,1,3
bharat,indra,1,3
satrughna,varun,1,3
satrughna,indra,2,3
varun,indra,1,3
rama,kasyap,1,3
marichi,rama,1,3
rama,dasaratha,5,3
vamadeva,chaitra,1,3
vamadeva,rama,1,3
chaitra,rama,1,3
rama,kailasa,5,3
raghu,meru,1,3
rama,sumantra,9,3
rama,sumitra,5,3
lakshman,pushya,1,3
sita,kausalya,5,3
rama,sita,30,3
rama,vasishtha,3,3
vasishtha,rama,3,3
vasishtha,videhan,1,3
rama,videhan,4,3
ayodhya,rama,6,3
videhan,vishnu,1,3
rama,ayodhya,6,3
pushya,rama,2,3
pushya,kailasa,1,3
dasaratha,rama,4,3
kausalya,rama,4,3
dasaratha,bharat,2,3
rama,manthara,1,3
rama,bharat,28,3
bharat,rama,19,3
pushya,kausalya,1,3
sita,bharat,5,3
satrughna,lakshman,1,3
satrughna,rama,5,3
satrughna,bharat,7,3
lakshman,rama,20,3
lakshman,bharat,7,3
rama,kaikeyi,7,3
bharat,kaikeyi,8,3
dandak,vaijayanta,1,3
yama,bharat,1,3
dasaratha,kaikeyi,2,3
sindhu,angas,1,3
sindhu,vangas,1,3
angas,vangas,1,3
magadh,kasi,1,3
dandak,rama,1,3
rama,manu,1,3
rama,raghu,9,3
rama,kausalya,9,3
rama,indra,1,3
kaikeyi,bali,1,3
kaikeyi,indra,1,3
bali,indra,1,3
indra,titan,1,3
jumna,ganga,1,3
indra,rama,3,3
kailasa,rama,1,3
varun,rama,1,3
varun,sita,1,3
rama,lakshman,12,3
bharat,dandak,4,3
kausalya,lakshman,5,3
kaikeyi,lakshman,1,3
kaikeyi,kausalya,1,3
lakshman,kausalya,1,3
kasyap,sona,1,3
sagar,jamadagni,1,3
kaikeyi,bharat,5,3
raghu,lakshman,6,3
indra,vinata,1,3
indra,daitya,2,3
indra,aditi,1,3
daitya,aditi,1,3
dandak,bharat,2,3
bharat,ayodhya,3,3
sita,videhan,1,3
raghu,dandak,1,3
sita,rama,13,3
videhan,videha,1,3
videha,rama,1,3
sumitra,indra,1,3
asvapati,kaikeyi,1,3
rama,lakshmi,2,3
sumitra,lakshmi,1,3
raghu,suyajna,1,3
sita,lakshman,7,3
sita,brahma,1,3
rama,brahma,1,3
lakshman,brahma,1,3
kusik,raghu,1,3
sarju,rama,1,3
sarju,trijat,1,3
rama,trijat,3,3
kaikeyi,rama,2,3
sumantra,rama,10,3
dandak,lakshman,3,3
dandak,sita,1,3
lakshman,sita,13,3
sumantra,raghu,1,3
kaikeyi,asamanj,1,3
asamanj,sarju,1,3
raghu,rama,4,3
kaikeyi,kekaya,1,3
kaikeyi,sita,1,3
yama,rama,1,3
dasaratha,sita,1,3
dasaratha,sumitra,1,3
sita,sumitra,1,3
sumitra,rama,4,3
videha,meru,1,3
mercury,mars,1,3
rama,ikshvaku,3,3
dasaratha,kausalya,1,3
sita,ayodhya,1,3
suvahu,rama,1,3
sita,lakshmi,1,3
ayodhya,kaikeyi,1,3
raghu,sita,4,3
lakshman,sumantra,2,3
sita,raghu,3,3
kosala,vedasruti,1,3
videhan,manu,1,3
kosala,ayodhya,1,3
guha,raghu,1,3
guha,lakshman,4,3
guha,rama,2,3
guha,dasaratha,1,3
lakshman,dasaratha,1,3
kausalya,satrughna,1,3
lakshman,ayodhya,1,3
ikshvaku,ayodhya,1,3
ganga,lakshman,2,3
ganga,sita,1,3
ayodhya,ganga,1,3
sumitra,sita,2,3
lakshman,raghu,1,3
sumantra,guha,3,3
kosala,bharat,1,3
ayodhya,sita,1,3
dandak,kausalya,1,3
dandak,kaikeyi,1,3
kausalya,kaikeyi,1,3
kausalya,bharat,1,3
yamuna,ganga,4,3
janak,videha,1,3
prayag,rama,1,3
sita,bharadvaja,1,3
bharadvaja,chitrakuta,2,3
yamuna,raghu,1,3
ganga,raghu,2,3
kalindi,sita,1,3
videhan,sita,1,3
sita,kalindi,1,3
syama,sita,1,3
lakshman,janak,1,3
sita,janak,1,3
chitrakuta,rama,2,3
chitrakuta,videhan,1,3
rudra,vishnu,1,3
rama,guha,2,3
mandar,sita,1,3
mandar,rama,1,3
ganga,prayag,1,3
prayag,lakshman,1,3
dandak,yama,1,3
rama,kosal,1,3
mahendra,lakshman,1,3
rama,soma,1,3
dasaratha,raghu,1,3
yama,vivasvat,1,3
raghu,kaikeyi,1,3
katyayan,markandeya,1,3
katyayan,mudgalya,1,3
markandeya,mudgalya,1,3
bharat,kekaya,1,3
bharat,rajagriha,1,3
kekaya,rajagriha,1,3
ikshvaku,parjanya,1,3
rajagriha,bharat,1,3
raghu,bharat,2,3
malini,ganga,1,3
kulinga,abhikala,1,3
sudaman,vishnu,1,3
kekaya,kaikeyi,1,3
kekaya,asvapati,1,3
kaikeyi,asvapati,1,3
bharat,indrasira,1,3
bharat,airavat,1,3
indrasira,airavat,1,3
indra,bharat,3,3
sudama,ikshvaku,1,3
ailadhana,aparparyat,1,3
ailadhana,sila,1,3
ailadhana,agneya,1,3
ailadhana,salyakartan,1,3
aparparyat,sila,1,3
aparparyat,agneya,1,3
aparparyat,salyakartan,1,3
sila,agneya,1,3
sila,salyakartan,1,3
agneya,salyakartan,1,3
chaitraratha,ganga,1,3
chaitraratha,bharunda,1,3
ganga,bharunda,1,3
ansudhana,pragvat,1,3
kutikoshtika,dharmavardhan,1,3
kutikoshtika,toran,1,3
kutikoshtika,jambuprastha,1,3
kutikoshtika,varutha,1,3
dharmavardhan,toran,1,3
dharmavardhan,jambuprastha,1,3
dharmavardhan,varutha,1,3
toran,jambuprastha,1,3
toran,varutha,1,3
jambuprastha,varutha,1,3
kutika,lohitya,1,3
kutika,ekasala,1,3
kutika,sthanumati,1,3
kutika,gomati,1,3
kutika,vinata,1,3
lohitya,ekasala,1,3
lohitya,sthanumati,1,3
lohitya,gomati,1,3
lohitya,vinata,1,3
ekasala,sthanumati,1,3
ekasala,gomati,1,3
ekasala,vinata,1,3
sthanumati,gomati,1,3
sthanumati,vinata,1,3
gomati,vinata,1,3
kalinga,bharat,1,3
manu,bharat,1,3
ikshvaku,vaijayanta,1,3
ayodhya,bharat,4,3
kausalya,sita,2,3
dasaratha,satrughna,1,3
sumitra,kaikeyi,2,3
sumitra,raghu,1,3
bharat,vasishtha,3,3
ayodhya,ikshvaku,1,3
vasishtha,bharat,5,3
manthara,bharat,1,3
kaikeyi,satrughna,2,3
satrughna,kaikeyi,2,3
bharat,mandar,1,3
bharat,dasaratha,1,3
dilipa,dasaratha,1,3
bharat,sumantra,4,3
vasishtha,sumantra,1,3
raghu,sumitra,1,3
rama,ganga,1,3
bharat,ganga,2,3
guha,ganga,2,3
nishadas,bharat,2,3
ganga,guha,1,3
guha,bharat,8,3
bharat,lakshman,2,3
sita,dasaratha,1,3
guha,kausalya,1,3
guha,sita,1,3
bharat,sita,1,3
dasaratha,videha,1,3
raghu,ganga,1,3
raghu,satrughna,1,3
ganga,satrughna,1,3
bharat,guha,1,3
vasishtha,bharadvaja,1,3
bharat,bharadvaja,1,3
dasaratha,ayodhya,1,3
bharat,raghu,4,3
bharadvaja,kaikeyi,1,3
bharadvaja,bharat,1,3
haha,visvachi,1,3
bhima,nagadanta,1,3
bhima,indra,1,3
bhima,brahma,1,3
bhima,tumburu,1,3
nagadanta,indra,1,3
nagadanta,brahma,1,3
nagadanta,tumburu,1,3
indra,brahma,1,3
indra,tumburu,1,3
brahma,tumburu,1,3
malaya,dardar,1,3
bharat,visvakarma,1,3
bharadvaja,kuvera,1,3
nandan,gopa,1,3
gandharva,bharat,1,3
gandharva,misrakesi,1,3
bharat,misrakesi,1,3
bharadvaja,nandan,1,3
bharadvaja,sumitra,1,3
aditi,vishnu,1,3
aditi,rama,1,3
vishnu,rama,1,3
videhan,swarga,1,3
videhan,sachi,1,3
swarga,sachi,1,3
chitrakuta,lakshman,1,3
ayodhya,videha,1,3
ayodhya,sarju,1,3
raghu,chitrakuta,1,3
rama,janak,3,3
asoka,siva,1,3
janak,rama,1,3
videhan,rama,2,3
videhan,lakshman,1,3
guha,satrughna,1,3
guha,vasishtha,1,3
satrughna,vasishtha,1,3
satrughna,bharadvaja,1,3
bharat,chitrakuta,1,3
brahma,lakshman,1,3
brahma,bharat,1,3
sumantra,sukra,1,3
dandak,dasaratha,1,3
vasishtha,indra,1,3
ayodhya,satrughna,1,3
javali,rama,1,3
javali,raghu,1,3
bharat,javali,1,3
marichi,kasyap,2,3
marichi,vivasvat,2,3
marichi,ikshvaku,2,3
kasyap,vivasvat,1,3
kasyap,ikshvaku,1,3
vivasvat,ikshvaku,1,3
ayodhya,kukshi,2,3
ayodhya,vikukshi,1,3
kukshi,vikukshi,2,3
dhruvasandhi,talajanghas,1,3
dhruvasandhi,sasivindhus,1,3
talajanghas,sasivindhus,1,3
bhrigu,himalaya,1,3
asamanj,sagar,1,3
asamanj,ansuman,1,3
asamanj,dilipa,1,3
asamanj,bhagirath,1,3
ansuman,dilipa,1,3
ansuman,bhagirath,1,3
dilipa,bhagirath,1,3
raghu,purushadak,1,3
maru,ambarisha,4,3
nabhag,aja,1,3
nabhag,dasaratha,1,3
aja,dasaratha,1,3
dasaratha,sumantra,1,3
rama,satrughna,1,3
ikshvaku,sita,1,3
ikshvaku,bharat,1,3
bharat,vamadeva,1,3
satrughna,vamadeva,1,3
chitrakuta,bharat,1,3
raghu,vasishtha,1,3
sringavera,ayodhya,1,3
lakshman,atri,1,3
lakshman,anasuya,1,3
sita,anasuya,2,3
anasuya,sita,1,3
rama,savitri,1,3
rohini,sita,1,3
rohini,anasuya,1,3
lakshmi,vishnu,1,3
lakshmi,sita,1,3
vishnu,sita,1,3
anasuya,rama,1,3
visvamitra,lakshman,1,3
sita,lakshman,9,4
lakshman,sita,7,4
sita,dandak,2,4
rama,viradha,3,4
rama,sita,14,4
viradha,sita,3,4
janak,kaikeyi,1,4
bharat,viradha,1,4
bharat,indra,1,4
viradha,indra,1,4
dandak,viradha,1,4
dandak,raghu,1,4
viradha,raghu,2,4
satahrada,viradha,1,4
satahrada,brahma,1,4
viradha,brahma,1,4
indra,viradha,1,4
rama,sumitra,4,4
viradha,sumitra,1,4
rama,lakshman,17,4
lakshman,rama,10,4
raghu,rama,4,4
kuvera,dasaratha,1,4
viradha,rama,1,4
lakshman,viradha,1,4
lakshman,raghu,2,4
sarabhanga,rama,3,4
lakshman,indra,3,4
videhan,sarabhanga,1,4
brahma,rama,1,4
sarabhanga,brahma,1,4
raghu,brahma,1,4
chitrakuta,pampa,1,4
raghu,sita,2,4
raghu,sutikshna,2,4
sita,sutikshna,1,4
meru,sita,1,4
rama,brahma,1,4
sita,raghu,4,4
sutikshna,rama,1,4
rama,janak,3,4
sutikshna,agastya,1,4
yama,agastya,1,4
rama,agastya,1,4
sita,rama,9,4
lakshman,janak,1,4
vishnu,mahendra,1,4
sita,janak,1,4
panchavati,sita,1,4
agastya,sita,1,4
agastya,raghu,1,4
agastya,panchavati,1,4
sita,panchavati,1,4
raghu,panchavati,1,4
raghu,kardam,1,4
raghu,vikrit,1,4
kardam,vikrit,1,4
sansray,bahuputra,1,4
sansray,sthanu,1,4
sansray,marichi,1,4
sansray,kratu,1,4
sansray,pulah,1,4
bahuputra,sthanu,1,4
bahuputra,marichi,1,4
bahuputra,kratu,1,4
bahuputra,pulah,1,4
sthanu,marichi,1,4
sthanu,kratu,1,4
sthanu,pulah,1,4
marichi,kratu,1,4
marichi,pulah,1,4
kratu,pulah,1,4
vivasvat,kasyap,1,4
krodhavasa,kasyap,1,4
vasus,adityas,1,4
vasus,diti,1,4
adityas,diti,1,4
asvagriva,narak,1,4
asvagriva,kalak,1,4
narak,kalak,1,4
syeni,dhritarashtri,2,4
syeni,kraunchi,1,4
dhritarashtri,kraunchi,1,4
bhasi,syeni,1,4
bhasi,dhritarashtri,1,4
suki,nala,1,4
suki,vinata,1,4
suki,mrigamanda,1,4
nala,vinata,1,4
nala,mrigamanda,1,4
vinata,mrigamanda,1,4
mrigamanda,hari,1,4
gandharvi,kadru,1,4
sudras,vaisyas,2,4
sudras,anala,2,4
vaisyas,anala,1,4
suki,surasa,1,4
suki,kadru,1,4
surasa,kadru,1,4
garud,vinata,1,4
garud,arun,1,4
vinata,arun,1,4
jatayus,lakshman,1,4
raghu,lakshman,6,4
bharat,ikshvaku,1,4
satrughna,raghu,1,4
rudra,himalaya,1,4
ten-necked,rama,1,4
surpanakha,dasaratha,2,4
rama,videhan,1,4
sita,videhan,1,4
ravan,kumbhakarna,1,4
meru,rama,1,4
lakshman,dandak,2,4
janasthan,khara,4,4
surpanakha,rama,5,4
rama,raghu,5,4
surpanakha,khara,2,4
rama,dasaratha,6,4
rama,yama,4,4
dushan,meru,1,4
khara,dushan,2,4
siva,daksha,1,4
rama,dushan,4,4
dushan,rama,4,4
raghu,indra,2,4
dushan,yama,2,4
dushan,khara,4,4
yama,khara,2,4
rama,syenagami,1,4
raghu,khara,2,4
lakshman,khara,1,4
rama,indra,5,4
trisiras,khara,3,4
trisiras,dushan,4,4
trisiras,rama,1,4
khara,rama,6,4
rama,khara,6,4
khara,dasaratha,1,4
khara,raghu,1,4
rudra,svetaranya,1,4
rudra,namuchi,1,4
svetaranya,namuchi,1,4
agastya,rama,1,4
dasaratha,dandak,1,4
janak,rama,3,4
ravan,janasthan,1,4
janasthan,akampan,1,4
khara,akampan,1,4
rama,janasthan,5,4
janasthan,indra,1,4
akampan,sita,1,4
lanka,rama,4,4
lanka,sita,1,4
lanka,ravan,1,4
lanka,surpanakha,1,4
ravan,surpanakha,2,4
rama,trisiras,1,4
ravan,indra,1,4
bhogavati,vasuki,1,4
bhogavati,takshaka,1,4
vasuki,takshaka,1,4
kuvera,pushpak,1,4
janasthan,dandak,1,4
rama,dandak,1,4
dushan,dandak,1,4
sita,indra,1,4
janasthan,rama,3,4
brahma,mashas,1,4
brahma,marichipas,1,4
indra,ravan,1,4
garud,ravan,1,4
lanka,maricha,1,4
janasthan,dushan,1,4
khara,janasthan,2,4
trisiras,dandak,1,4
lakshman,rahu,1,4
rama,maricha,5,4
varun,indra,1,4
varun,rama,1,4
indra,rama,4,4
janak,sita,2,4
janak,raghu,1,4
dasaratha,rama,1,4
rama,visvamitra,1,4
yama,maricha,1,4
namuchi,bali,1,4
namuchi,rama,1,4
bali,rama,2,4
khara,surpanakha,1,4
janasthan,surpanakha,1,4
indra,varun,1,4
dandak,rama,3,4
dandak,lanka,1,4
rama,lanka,1,4
ravan,maricha,1,4
janak,lakshman,1,4
nandan,chaitraratha,1,4
vatapi,agastya,1,4
indra,maricha,1,4
sita,maricha,2,4
lakshman,maricha,1,4
raghu,janak,1,4
rama,ravan,6,4
lakshman,ravan,1,4
rama,kaikeyi,1,4
lanka,indra,3,4
kaikeyi,janasthan,1,4
sita,dasaratha,1,4
vritra,indra,1,4
khara,daitya,1,4
raghu,dasaratha,1,4
ravan,ten-necked,1,4
ravan,meru,2,4
pampa,lanka,1,4
varun,ravan,1,4
ravan,lanka,1,4
maya,ravan,1,4
sita,ravan,1,4
ikshvaku,lakshman,1,4
rama,rudra,1,4
sachi,asoka,1,4
sachi,sita,1,4
asoka,sita,1,4
sachi,raghu,1,4
indra,lakshman,1,4
kaikeyi,sita,1,4
sita,janasthan,1,4
janasthan,lakshman,1,4
ayodhya,bharat,1,4
godavari,sita,1,4
ravan,raghu,1,4
ravan,lakshman,1,4
daitya,danav,1,4
sita,kosal,1,4
mahendra,rama,1,4
nahush,indra,1,4
lakshman,janasthan,2,4
gandharvas,kinnars,2,4
dasaratha,ravan,1,4
kabandha,rama,2,4
dasaratha,sumitra,1,4
danu,indra,1,4
danu,lakshman,1,4
danu,rama,1,4
danu,janasthan,1,4
kabandha,lakshman,1,4
indra,rishyamuka,1,4
indra,pampa,1,4
rishyamuka,pampa,1,4
pampa,bali,1,4
pampa,raghu,1,4
bali,raghu,1,4
pampa,lakshman,1,4
matanga,raghu,2,4
nandan,pampa,1,4
nandan,rishyamuka,1,4
pampa,rishyamuka,2,4
pampa,matanga,1,4
kabandha,sugriva,1,4
rama,sugriva,1,4
pampa,kabandha,1,4
pampa,savari,1,4
sumitra,pampa,1,4
rama,pampa,1,4
rama,pampa,2,5
sumitra,pampa,1,5
sita,kausalya,2,5
bharat,sita,1,5
rama,lakshman,8,5
pampa,raghu,2,5
lakshman,raghu,4,5
sugriva,raghu,9,5
bali,malaya,3,5
raghu,lakshman,4,5
raghu,hanuman,1,5
raghu,sugriva,4,5
raghu,rishyamuka,1,5
lakshman,hanuman,2,5
lakshman,sugriva,3,5
lakshman,rishyamuka,1,5
hanuman,sugriva,1,5
hanuman,rishyamuka,1,5
sugriva,rishyamuka,1,5
meru,vindhya,3,5
rishyamuka,raghu,1,5
yajush,saman,1,5
lakshman,rama,4,5
pampa,lakshman,1,5
rama,dasaratha,2,5
diti,sugriva,1,5
sugriva,dasaratha,2,5
rishyamuka,malaya,1,5
dasaratha,ikshvaku,1,5
dasaratha,fire-god,1,5
ikshvaku,fire-god,1,5
rama,hanuman,5,5
hanuman,lakshman,2,5
rama,sugriva,13,5
hanuman,janak,1,5
lakshman,janak,1,5
raghu,rama,3,5
yama,rama,1,5
rama,raghu,4,5
lakshman,indra,2,5
rishyamuka,bali,1,5
skanda,indra,1,5
sugriva,rama,10,5
bali,sugriva,4,5
indra,bali,6,5
kishkindha,bali,3,5
bali,tara,2,5
bali,matanga,1,5
bali,lakshman,1,5
sugriva,bali,6,5
rama,bali,7,5
rama,dundubhi,1,5
bali,kishkindha,1,5
bali,rama,5,5
bali,rishyamuka,2,5
rama,rishyamuka,1,5
sugriva,lakshman,9,5
rama,kishkindha,4,5
sugriva,nila,1,5
sugriva,hanuman,2,5
lakshman,nila,1,5
nila,hanuman,1,5
indra,sugriva,1,5
raghu,indra,2,5
indra,asvini,1,5
asvini,bali,2,5
rama,brahma,1,5
mahendra,vishnu,1,5
tara,sugriva,1,5
angad,sugriva,6,5
sugriva,bharat,1,5
bharat,lakshman,1,5
angad,tara,4,5
angad,rama,2,5
sugriva,tara,2,5
tara,rama,2,5
rama,tara,3,5
rama,angad,2,5
bali,angad,4,5
tara,angad,3,5
tara,bali,4,5
angad,bali,3,5
tara,hanuman,1,5
bali,hanuman,1,5
hanuman,angad,1,5
lakshman,bali,1,5
brahma,hanuman,1,5
brahma,rama,1,5
hanuman,rama,1,5
sugriva,angad,3,5
raghu,angad,1,5
sugriva,kishkindha,1,5
ayodhya,sugriva,1,5
ruma,tara,2,5
ruma,indra,1,5
tara,indra,2,5
raghu,sita,1,5
sugriva,janak,1,5
indra,thousand-eyed,1,5
indra,lakshman,1,5
thousand-eyed,lakshman,1,5
mandar,lakshman,1,5
angad,lakshman,4,5
angad,raghu,2,5
angad,prabhava,1,5
prabhava,raghu,1,5
bali,indra,1,5
indra,rama,1,5
kailasa,mahendra,1,5
ruma,lakshman,1,5
ruma,sugriva,1,5
bali,yama,1,5
ruma,visvamitra,1,5
rama,lanka,1,5
lakshman,tara,1,5
rama,ravan,2,5
rama,sita,2,5
ravan,sita,3,5
dhumra,meru,1,5
dhumra,maharun,1,5
meru,maharun,1,5
vishnu,rama,1,5
anjan,rama,1,5
kishkindha,sugriva,1,5
sugriva,sumitra,1,5
sumitra,lakshman,1,5
mahendra,meru,1,5
mahendra,vindhya,1,5
sachi,puloma,1,5
sachi,indra,1,5
sachi,paulomi,1,5
puloma,indra,1,5
puloma,paulomi,1,5
indra,paulomi,1,5
satabali,ruma,1,5
gavaya,darimukha,1,5
gavaya,dwivid,1,5
darimukha,dwivid,1,5
mandar,yavadwipa,1,5
vishnu,meru,1,5
nila,angad,1,5
sushen,sugriva,1,5
ravan,meru,1,5
janak,soma,1,5
kala,sudarsan,1,5
wind-god,angad,1,5
wind-god,tara,1,5
wind-god,vinata,1,5
angad,vinata,1,5
tara,vinata,1,5
sugriva,mayavi,2,5
sugriva,malaya,2,5
bali,mayavi,1,5
mayavi,malaya,1,5
meru,bali,1,5
bali,sita,1,5
sita,sugriva,1,5
prasravan,sugriva,1,5
vinata,satabali,1,5
vinata,sugriva,1,5
satabali,sugriva,1,5
danav,brahma,1,5
ravan,sugriva,1,5
ravan,angad,1,5
angad,varun,1,5
bali,sona,1,5
raghu,ruma,1,5
raghu,tara,1,5
hanuman,sita,1,5
ravan,raghu,1,5
bali,dasaratha,1,5
ravan,rama,1,5
sampati,angad,1,5
ravan,sampati,1,5
rama,vishnu,1,5
rama,asurs,1,5
vishnu,asurs,1,5
sampati,jambavan,1,5
lakshman,sampati,1,5
sampati,bali,2,5
ikshvaku,rama,1,5
indra,angad,1,5
angad,lanka,1,5
brahma,wind-god,1,5
wind-god,mahendra,1,5
hanuman,ravan,1,6
rama,ravan,3,6
gandharvas,raghu,1,6
rama,asurs,1,6
raghu,rama,3,6
hanuman,wind-god,2,6
brahma,hanuman,1,6
brahma,rama,1,6
brahma,dandak,1,6
hanuman,rama,3,6
hanuman,dandak,1,6
rama,dandak,2,6
ravan,rama,5,6
ravan,dasaratha,1,6
ravan,sita,1,6
rama,dasaratha,2,6
rama,sita,7,6
dasaratha,sita,2,6
daksha,brahma,1,6
lamba,lanka,1,6
indra,airavat,1,6
angad,jambavan,1,6
sita,ravan,3,6
lakshman,satrughna,1,6
hanuman,asoka,1,6
rama,kailasa,1,6
hanuman,sita,2,6
rama,lakshman,4,6
ganga,bali,1,6
ganga,janasthan,1,6
bali,janasthan,1,6
ikshvaku,mithila,1,6
asoka,indra,1,6
rama,indra,2,6
pulastya,brahma,2,6
raghu,ravan,1,6
sita,rama,3,6
trijata,sita,1,6
raghu,lanka,1,6
rama,janak,1,6
hanuman,janak,1,6
hanuman,dasaratha,1,6
janak,dasaratha,1,6
janak,rama,3,6
bali,sugriva,4,6
janak,sita,1,6
dasaratha,ikshvaku,1,6
dasaratha,rama,2,6
dasaratha,dandak,1,6
dasaratha,sumitra,1,6
ikshvaku,rama,1,6
ikshvaku,dandak,1,6
ikshvaku,sumitra,1,6
rama,sumitra,1,6
dandak,sumitra,1,6
ravan,lanka,3,6
lanka,rama,1,6
sugriva,lanka,1,6
rama,sugriva,2,6
rama,bali,2,6
bharat,sugriva,1,6
meru,mandar,1,6
rama,prasravan,1,6
rama,raghu,1,6
prasravan,raghu,1,6
rama,chitrakuta,1,6
sita,hanuman,2,6
sita,indra,1,6
sita,kuvera,1,6
indra,kuvera,1,6
indra,rama,1,6
kuvera,rama,1,6
kosal,wind-god,1,6
kosal,ravan,1,6
wind-god,ravan,1,6
indra,hanuman,2,6
prahasta,wind-god,1,6
lanka,ravan,1,6
lanka,raghu,2,6
lanka,jambumali,1,6
ravan,raghu,1,6
ravan,jambumali,1,6
raghu,jambumali,1,6
ravan,indra,1,6
jambumali,ravan,1,6
durdhar,virupaksha,1,6
aksha,hanuman,2,6
asurs,jambumali,1,6
indra,prahasta,1,6
prahasta,hanuman,1,6
indra,lanka,1,6
indra,vishnu,1,6
lanka,hanuman,1,6
lanka,sugriva,1,6
raghu,hanuman,2,6
raghu,sugriva,1,6
hanuman,sugriva,1,6
lakshman,rama,1,6
ravan,vibhishan,2,6
lanka,vibhishan,1,6
lanka,sita,1,6
hanuman,jambavan,1,6
hanuman,angad,1,6
jambavan,angad,1,6
sugriva,hanuman,1,6
raghu,angad,1,6
angad,hanuman,1,6
rama,raghu,11,7
rama,hanuman,6,7
raghu,hanuman,3,7
wind-god,raghu,2,7
lanka,vayu,1,7
dwivid,panas,1,7
nila,nala,1,7
nila,jambavan,1,7
nila,lanka,2,7
nala,jambavan,1,7
nala,lanka,2,7
jambavan,lanka,1,7
angad,lakshman,2,7
angad,sushen,1,7
angad,vegadarsi,1,7
angad,jambavan,1,7
lakshman,sushen,2,7
lakshman,vegadarsi,1,7
lakshman,jambavan,1,7
sushen,vegadarsi,1,7
sushen,jambavan,1,7
vegadarsi,jambavan,1,7
rama,sugriva,12,7
lakshman,angad,1,7
ravan,ayodhya,1,7
mahendra,rama,1,7
mahendra,dasaratha,1,7
mahendra,malaya,1,7
rama,dasaratha,1,7
rama,malaya,1,7
dasaratha,malaya,1,7
sahya,dasaratha,1,7
nila,mainda,1,7
nila,dwivid,1,7
mainda,dwivid,3,7
rama,lakshman,7,7
ravan,hanuman,2,7
ravan,wind-god,1,7
hanuman,wind-god,2,7
kailasa,yaksha,1,7
kailasa,siva,1,7
yaksha,siva,1,7
kuvera,maya,1,7
kuvera,danav,1,7
maya,danav,1,7
indra,raghu,6,7
vajradanshtra,hanuman,1,7
vajradanshtra,rama,1,7
hanuman,rama,5,7
raghu,bharat,1,7
raghu,vibhishan,5,7
sugriva,raghu,1,7
hanuman,vibhishan,3,7
lanka,janak,1,7
ravan,sita,3,7
rama,videha,1,7
sugriva,dasaratha,1,7
sugriva,sita,3,7
dasaratha,sita,1,7
kumbhakarna,ravan,4,7
kumbhakarna,indrajit,1,7
sita,rama,5,7
sita,raghu,2,7
rama,kumbhakarna,2,7
raghu,kumbhakarna,1,7
rama,indra,6,7
raghu,indrajit,2,7
raghu,sita,2,7
raghu,meru,1,7
vibhishan,meru,1,7
janasthan,janak,1,7
raghu,sugriva,5,7
vibhishan,sugriva,3,7
sugriva,rama,5,7
sugriva,hanuman,4,7
raghu,rama,12,7
ravan,lanka,5,7
bali,sugriva,1,7
ravan,vibhishan,6,7
ravan,rama,14,7
vibhishan,rama,6,7
rama,vibhishan,5,7
indra,vibhishan,3,7
indra,rama,4,7
vibhishan,raghu,3,7
vibhishan,lanka,2,7
hanuman,raghu,2,7
dasaratha,lakshman,1,7
lanka,rama,11,7
vulture-king,raghu,1,7
raghu,angad,2,7
raghu,lakshman,4,7
visvakarma,nala,1,7
rama,lanka,9,7
sita,rohini,1,7
visvakarma,lanka,1,7
rama,angad,4,7
rama,nila,1,7
rama,rishabh,1,7
angad,nila,1,7
angad,rishabh,1,7
nila,rishabh,1,7
jambavan,sushen,1,7
jambavan,rama,1,7
sushen,rama,1,7
lanka,sugriva,4,7
rama,kabandha,1,7
sugriva,kabandha,1,7
sugriva,lanka,6,7
kabandha,lanka,1,7
ravan,suka,1,7
ravan,saran,1,7
rama,suka,1,7
rama,saran,1,7
suka,saran,1,7
rama,ravan,13,7
lanka,ravan,8,7
ikshvaku,ravan,1,7
danav,ikshvaku,2,7
rama,sita,4,7
bali,rama,1,7
bali,varun,1,7
bali,sakra,1,7
rama,varun,2,7
rama,sakra,1,7
varun,sakra,1,7
sanrochan,chanda,1,7
krishnagiri,vindhya,1,7
krishnagiri,sudarsan,1,7
vindhya,sudarsan,1,7
vinata,dardur,1,7
vinata,vena,1,7
dardur,vena,1,7
gavaya,lanka,1,7
rama,hara,1,7
ganga,gaja,1,7
ganga,gavaksha,1,7
gaja,gavaksha,1,7
nala,nila,1,7
nala,rama,1,7
nila,rama,2,7
lanka,saran,1,7
lanka,suka,1,7
saran,suka,2,7
saran,ravan,1,7
suka,ravan,1,7
ganga,kishkindha,1,7
ganga,sugriva,1,7
kishkindha,sugriva,2,7
lanka,wind-god,1,7
rama,tara,2,7
rama,sardula,2,7
tara,sugriva,1,7
tara,sardula,1,7
sugriva,sardula,1,7
suvela,raghu,1,7
suvela,sugriva,1,7
sardula,rama,1,7
sardula,suvela,1,7
rama,suvela,1,7
sita,janak,1,7
sita,vidyujjihva,1,7
rama,janak,1,7
rama,vidyujjihva,1,7
janak,vidyujjihva,1,7
sita,lanka,3,7
sita,ravan,1,7
prahasta,vibhishan,1,7
prahasta,lakshman,1,7
vibhishan,lakshman,2,7
sugriva,mainda,1,7
sugriva,dwivid,1,7
asoka,rama,1,7
lanka,indra,1,7
sarama,sita,2,7
janasthan,lanka,1,7
lanka,malyavan,1,7
malyavan,ravan,2,7
vishnu,rama,1,7
raghu,ravan,4,7
lakshman,rama,4,7
nila,prahasta,3,7
bali,hanuman,1,7
lakshman,brahma,1,7
lakshman,lanka,2,7
raghu,suvela,1,7
suvela,lanka,1,7
ravan,trikuta,1,7
vishnu,ravan,1,7
lanka,raghu,4,7
ravan,raghu,3,7
ravan,sugriva,2,7
ravan,nila,1,7
mainda,angad,1,7
dwivid,angad,1,7
sugriva,ravan,1,7
brahma,lanka,1,7
angad,kosal,1,7
raghu,lanka,3,7
lanka,sita,3,7
indrajit,angad,2,7
prajangha,jambumali,1,7
prajangha,satrughna,1,7
jambumali,satrughna,1,7
gaja,tapan,1,7
gaja,nila,1,7
gaja,nikumbha,1,7
gaja,praghas,1,7
gaja,lakshman,1,7
gaja,virupaksha,1,7
gaja,rama,1,7
gaja,agniketu,1,7
tapan,nila,1,7
tapan,nikumbha,1,7
tapan,praghas,1,7
tapan,lakshman,1,7
tapan,virupaksha,1,7
tapan,rama,1,7
tapan,agniketu,1,7
nila,nikumbha,1,7
nila,praghas,1,7
nila,lakshman,1,7
nila,virupaksha,1,7
nila,agniketu,1,7
nikumbha,praghas,1,7
nikumbha,lakshman,1,7
nikumbha,virupaksha,1,7
nikumbha,rama,1,7
nikumbha,agniketu,1,7
praghas,lakshman,2,7
praghas,virupaksha,2,7
praghas,rama,2,7
praghas,agniketu,1,7
lakshman,virupaksha,2,7
lakshman,agniketu,1,7
virupaksha,rama,2,7
virupaksha,agniketu,1,7
rama,agniketu,1,7
indra,indrajit,1,7
indra,angad,1,7
angad,prajangha,1,7
sampati,jambumali,1,7
angad,raghu,1,7
indrajit,indra,1,7
ravan,indrajit,1,7
indrajit,raghu,1,7
indrajit,rama,1,7
lakshman,khara,1,7
rama,lakshmi,1,7
janak,rama,2,7
indra,brahma,3,7
kaikeyi,sumitra,1,7
ravan,angad,1,7
vibhishan,sushen,1,7
vibhishan,kishkindha,1,7
sushen,sugriva,1,7
sushen,kishkindha,1,7
sugriva,kishkindha,1,7
panas,sampati,1,7
ravan,garud,1,7
sita,garud,1,7
vajradanshtra,ravan,1,7
vajradanshtra,raghu,1,7
akampan,hanuman,1,7
ravan,prahasta,1,7
nila,ravan,1,7
vibhishan,brahma,1,7
vibhishan,indra,2,7
brahma,indra,4,7
ravan,atikaya,2,7
indra,lanka,4,7
sugriva,nala,1,7
sugriva,gavaya,1,7
nala,gavaya,1,7
hanuman,ravan,1,7
lakshman,raghu,3,7
ravan,lakshman,5,7
brahma,meru,1,7
rama,ikshvaku,2,7
wind-god,rama,3,7
wind-god,lakshman,2,7
lakshman,ravan,3,7
hanuman,vishnu,1,7
hanuman,garud,1,7
rama,vishnu,2,7
rama,garud,2,7
vishnu,garud,1,7
indra,meru,1,7
kumbhakarna,lanka,1,7
rama,brahma,1,7
kumbhakarna,brahma,1,7
kumbhakarna,prahasta,1,7
brahma,prahasta,1,7
kumbhakarna,vibhishan,1,7
yama,indra,1,7
airavat,indra,2,7
airavat,brahma,1,7
brahma,ravan,5,7
paulastya,kumbhakarna,2,7
vibhishan,sita,2,7
varun,indra,1,7
lakshman,hanuman,1,7
lakshman,mahodar,1,7
hanuman,mahodar,1,7
lanka,kumbhakarna,2,7
lanka,ikshvaku,1,7
kumbhakarna,ikshvaku,1,7
ravan,ikshvaku,1,7
garud,dwivid,1,7
kumbhakarna,hanuman,1,7
hanuman,war-god,1,7
hanuman,krauncha,1,7
war-god,krauncha,1,7
nila,kumbhakarna,1,7
rishabh,nila,1,7
sarabh,gavaksha,1,7
sarabh,gandhamadan,1,7
gavaksha,gandhamadan,1,7
raghu,bali,1,7
sugriva,kumbhakarna,1,7
sumitra,kumbhakarna,1,7
rama,sumitra,1,7
rama,wind-god,1,7
kumbhakarna,indra,1,7
atikaya,trisiras,1,7
vibhishan,narantak,1,7
danav,raghu,1,7
garud,raghu,1,7
garud,vishnu,1,7
raghu,vishnu,1,7
angad,devantak,2,7
nila,trisiras,1,7
lanka,trisiras,1,7
trisiras,nila,1,7
atikaya,brahma,2,7
atikaya,indra,2,7
vibhishan,ravan,5,7
atikaya,dhanyamalini,1,7
atikaya,ravan,1,7
atikaya,lanka,1,7
dhanyamalini,ravan,1,7
dhanyamalini,lanka,1,7
brahma,sumitra,1,7
sumitra,indra,1,7
prahasta,kumbhakarna,1,7
rama,asoka,1,7
gaya,mainda,1,7
jambavan,vegadarsi,1,7
jambavan,nala,1,7
jambavan,dwivid,1,7
jambavan,mainda,1,7
vegadarsi,nala,1,7
vegadarsi,dwivid,1,7
vegadarsi,mainda,1,7
nala,dwivid,1,7
nala,mainda,1,7
dwivid,mainda,1,7
hanuman,sugriva,1,7
vibhishan,wind-god,1,7
wind-god,sugriva,1,7
brahma,rudra,1,7
indra,yama,1,7
indra,kuvera,1,7
yama,kuvera,1,7
yama,brahma,1,7
kuvera,brahma,1,7
nikumbha,kumbha,1,7
nikumbha,angad,1,7
kumbha,angad,1,7
dwivid,kumbha,1,7
dwivid,sugriva,1,7
kumbha,sugriva,1,7
kumbha,ravan,1,7
khara,rama,3,7
indrajit,lakshman,1,7
lakshman,indra,2,7
lakshman,mandar,1,7
indra,mandar,1,7
sugriva,angad,2,7
rama,virupaksha,1,7
angad,virupaksha,1,7
vritra,indra,1,7
vritra,lanka,1,7
lakshman,vibhishan,1,7
lanka,lakshman,1,7
raghu,sushen,1,7
lakshman,wind-god,1,7
ravan,indra,1,7
ravan,matali,1,7
matali,rama,1,7
meru,lanka,1,7
vritra,ravan,1,7
mandodari,indra,1,7
janasthan,khara,1,7
janasthan,rama,1,7
janasthan,hanuman,1,7
khara,hanuman,1,7
mandar,meru,1,7
sita,indra,1,7
swarga,sugriva,1,7
swarga,rama,1,7
swarga,lakshman,1,7
sugriva,lakshman,1,7
hanuman,lakshman,1,7
raghu,janak,1,7
sita,lakshman,1,7
dasaratha,kosal,1,7
dasaratha,brahma,1,7
kosal,brahma,1,7
krishna,sita,1,7
lakshmi,ravan,1,7
bharat,kausalya,1,7
bharat,kaikeyi,1,7
kausalya,kaikeyi,1,7
sumitra,sita,1,7
rama,purushottam,1,7
raghu,indra,2,7
raghu,ayodhya,1,7
visvakarma,raghu,1,7
kishkindha,lanka,1,7
ayodhya,kausalya,1,7
ayodhya,raghu,1,7
kausalya,raghu,1,7
visvakarma,trikuta,1,7
kishkindha,bali,1,7
kishkindha,rishyamuka,1,7
sugriva,bali,2,7
sugriva,rishyamuka,1,7
bali,rishyamuka,1,7
sugriva,pampa,1,7
sarabhanga,indra,1,7
sarabhanga,atri,1,7
indra,atri,1,7
chitrakuta,jumna,1,7
bharadvaja,sringavera,1,7
bharadvaja,guha,1,7
sringavera,guha,1,7
bharat,rama,4,7
bharadvaja,ayodhya,1,7
bharadvaja,rama,1,7
rama,ayodhya,2,7
ayodhya,hanuman,1,7
ayodhya,sringavera,1,7
ayodhya,lakshman,1,7
hanuman,ganga,1,7
hanuman,jumna,1,7
ganga,jumna,1,7
guha,rama,1,7
guha,gomati,1,7
rama,gomati,1,7
hanuman,dandak,1,7
hanuman,viradha,1,7
hanuman,sarabhanga,1,7
rama,dandak,2,7
rama,viradha,2,7
rama,sarabhanga,2,7
dandak,viradha,1,7
dandak,sarabhanga,1,7
viradha,sarabhanga,1,7
rama,khara,1,7
rama,trisiras,1,7
rama,dushan,1,7
khara,trisiras,1,7
khara,dushan,1,7
khara,ravan,1,7
trisiras,dushan,1,7
trisiras,ravan,1,7
dushan,ravan,1,7
jatayus,rama,1,7
rama,nandigrama,2,7
rama,bharat,3,7
nandigrama,bharat,1,7
bharat,wind-god,1,7
indra,gomati,1,7
jambavan,bali,1,7
satrughna,rama,1,7
kausalya,bharat,1,7
kausalya,rama,1,7
sita,satrughna,1,7
sugriva,ayodhya,1,7
indra,bharat,1,7
satrughna,lakshman,2,7
satrughna,satrunjay,1,7
lakshman,satrunjay,2,7
satrughna,bharat,1,7
kasyap,gautam,1,7
kasyap,vamadeva,1,7
kasyap,rama,1,7
gautam,vamadeva,1,7
gautam,rama,1,7
vamadeva,rama,1,7
angad,bali,1,7
hanuman,sita,1,7
